#
# There is insufficient memory for the Java Runtime Environment to continue.
# Native memory allocation (mmap) failed to map 81788928 bytes. Error detail: committing reserved memory.
# Possible reasons:
#   The system is out of physical RAM or swap space
#   This process is running with CompressedOops enabled, and the Java Heap may be blocking the growth of the native heap
# Possible solutions:
#   Reduce memory load on the system
#   Increase physical memory or swap space
#   Check if swap backing store is full
#   Decrease Java heap size (-Xmx/-Xms)
#   Decrease number of Java threads
#   Decrease Java thread stack sizes (-Xss)
#   Set larger code cache with -XX:ReservedCodeCacheSize=
#   JVM is running with Unscaled Compressed Oops mode in which the Java heap is
#     placed in the first 4GB address space. The Java Heap base address is the
#     maximum limit for the native heap growth. Please use -XX:HeapBaseMinAddress
#     to set the Java Heap base and to place the Java Heap above 4GB virtual address.
# This output file may be truncated or incomplete.
#
#  Out of Memory Error (os_linux.cpp:2838), pid=507, tid=516
#
# JRE version: OpenJDK Runtime Environment Temurin-17.0.11+9 (17.0.11+9) (build 17.0.11+9)
# Java VM: OpenJDK 64-Bit Server VM Temurin-17.0.11+9 (17.0.11+9, mixed mode, sharing, tiered, compressed oops, compressed class ptrs, g1 gc, linux-amd64)
# Core dump will be written. Default location: Core dumps may be processed with "/usr/share/apport/apport -p%p -s%s -c%c -d%d -P%P -u%u -g%g -F%F -- %E" (or dumping to /home/vagrant/devopsss/core.507)
#

---------------  S U M M A R Y ------------

Command Line: /home/vagrant/.sonar/cache/e28161b2802df2156618d64882119fb07bf4c23768b7cbdddb53e27a89f9a26f/sonarcloud-scanner-engine-12.11.0.2292-all.jar

Host: 12th Gen Intel(R) Core(TM) i7-12650H, 2 cores, 1G, Ubuntu 18.04.6 LTS
Time: Wed Dec 17 22:28:45 2025 UTC elapsed time: 70.693482 seconds (0d 0h 1m 10s)

---------------  T H R E A D  ---------------

Current thread (0x00007ff2e409de40):  VMThread "VM Thread" [stack: 0x00007ff2e8e47000,0x00007ff2e8f47000] [id=516]

Stack: [0x00007ff2e8e47000,0x00007ff2e8f47000],  sp=0x00007ff2e8f44d80,  free space=1015k
Native frames: (J=compiled Java code, j=interpreted, Vv=VM code, C=native code)
V  [libjvm.so+0xee2c31]  VMError::report_and_die(int, char const*, char const*, __va_list_tag*, Thread*, unsigned char*, void*, void*, char const*, int, unsigned long)+0x1a1
V  [libjvm.so+0xee381d]  VMError::report_and_die(Thread*, char const*, int, unsigned long, VMErrorType, char const*, __va_list_tag*)+0x2d
V  [libjvm.so+0x60a79c]  report_vm_out_of_memory(char const*, int, unsigned long, VMErrorType, char const*, ...)+0xdc
V  [libjvm.so+0xc24008]  os::pd_commit_memory_or_exit(char*, unsigned long, unsigned long, bool, char const*)+0xd8
V  [libjvm.so+0xc1d7ed]  os::commit_memory_or_exit(char*, unsigned long, unsigned long, bool, char const*)+0x1d
V  [libjvm.so+0x73804e]  G1PageBasedVirtualSpace::commit(unsigned long, unsigned long)+0x18e
V  [libjvm.so+0x74c8a1]  G1RegionsLargerThanCommitSizeMapper::commit_regions(unsigned int, unsigned long, WorkGang*)+0x1a1
V  [libjvm.so+0x7de318]  HeapRegionManager::commit_regions(unsigned int, unsigned long, WorkGang*)+0x58
V  [libjvm.so+0x7df335]  HeapRegionManager::expand(unsigned int, unsigned int, WorkGang*)+0x35
V  [libjvm.so+0x7df54e]  HeapRegionManager::expand_by(unsigned int, WorkGang*)+0x7e
V  [libjvm.so+0x6f1acf]  G1CollectedHeap::expand(unsigned long, WorkGang*, double*)+0xef
V  [libjvm.so+0x6f5c92]  G1CollectedHeap::do_collection_pause_at_safepoint_helper(double)+0x9d2
V  [libjvm.so+0x6f5d81]  G1CollectedHeap::do_collection_pause_at_safepoint(double)+0x31
V  [libjvm.so+0x770f1d]  VM_G1TryInitiateConcMark::doit()+0x9d
V  [libjvm.so+0xee815c]  VM_Operation::evaluate()+0xec
V  [libjvm.so+0xee9b04]  VMThread::evaluate_operation(VM_Operation*)+0xf4
V  [libjvm.so+0xeea064]  VMThread::inner_execute(VM_Operation*)+0x1d4
V  [libjvm.so+0xeea34f]  VMThread::run()+0xbf
V  [libjvm.so+0xe655d8]  Thread::call_run()+0xa8
V  [libjvm.so+0xc26851]  thread_native_entry(Thread*)+0xe1

VM_Operation (0x00007ff2ed9e6650): G1TryInitiateConcMark, mode: safepoint, requested by thread 0x00007ff2e40274b0


---------------  P R O C E S S  ---------------

Threads class SMR info:
_java_thread_list=0x00007ff25c00bae0, length=22, elements={
0x00007ff2e40274b0, 0x00007ff2e40a1dd0, 0x00007ff2e40a30d0, 0x00007ff2e40ab0d0,
0x00007ff2e40ac490, 0x00007ff2e40ad8b0, 0x00007ff2e40af270, 0x00007ff2e40b07b0,
0x00007ff2e40b1c30, 0x00007ff2e40c05b0, 0x00007ff2e40c3a90, 0x00007ff2e465e3d0,
0x00007ff254011ca0, 0x00007ff2e465f430, 0x00007ff260001250, 0x00007ff260002a10,
0x00007ff25c001250, 0x00007ff25c002470, 0x00007ff2e46c2500, 0x00007ff2e4783190,
0x00007ff2e49f1d30, 0x00007ff2e4c7f740
}

Java Threads: ( => current thread )
  0x00007ff2e40274b0 JavaThread "main" [_thread_blocked, id=509, stack(0x00007ff2ed8e8000,0x00007ff2ed9e9000)]
  0x00007ff2e40a1dd0 JavaThread "Reference Handler" daemon [_thread_blocked, id=517, stack(0x00007ff2e8d45000,0x00007ff2e8e46000)]
  0x00007ff2e40a30d0 JavaThread "Finalizer" daemon [_thread_blocked, id=518, stack(0x00007ff2e8c44000,0x00007ff2e8d45000)]
  0x00007ff2e40ab0d0 JavaThread "Signal Dispatcher" daemon [_thread_blocked, id=519, stack(0x00007ff2e8835000,0x00007ff2e8936000)]
  0x00007ff2e40ac490 JavaThread "Service Thread" daemon [_thread_blocked, id=520, stack(0x00007ff2e8734000,0x00007ff2e8835000)]
  0x00007ff2e40ad8b0 JavaThread "Monitor Deflation Thread" daemon [_thread_blocked, id=521, stack(0x00007ff2e8633000,0x00007ff2e8734000)]
  0x00007ff2e40af270 JavaThread "C2 CompilerThread0" daemon [_thread_blocked, id=522, stack(0x00007ff2e8532000,0x00007ff2e8633000)]
  0x00007ff2e40b07b0 JavaThread "C1 CompilerThread0" daemon [_thread_blocked, id=523, stack(0x00007ff2e8431000,0x00007ff2e8532000)]
  0x00007ff2e40b1c30 JavaThread "Sweeper thread" daemon [_thread_blocked, id=524, stack(0x00007ff2e8330000,0x00007ff2e8431000)]
  0x00007ff2e40c05b0 JavaThread "Notification Thread" daemon [_thread_blocked, id=525, stack(0x00007ff2e822f000,0x00007ff2e8330000)]
  0x00007ff2e40c3a90 JavaThread "Common-Cleaner" daemon [_thread_blocked, id=527, stack(0x00007ff2e802d000,0x00007ff2e812e000)]
  0x00007ff2e465e3d0 JavaThread "OkHttp sonarcloud.io" daemon [_thread_in_native, id=529, stack(0x00007ff2cd96c000,0x00007ff2cda6d000)]
  0x00007ff254011ca0 JavaThread "OkHttp TaskRunner" daemon [_thread_blocked, id=531, stack(0x00007ff2cd86b000,0x00007ff2cd96c000)]
  0x00007ff2e465f430 JavaThread "OkHttp api.sonarcloud.io" daemon [_thread_in_native, id=532, stack(0x00007ff2cd76a000,0x00007ff2cd86b000)]
  0x00007ff260001250 JavaThread "OkHttp TaskRunner" daemon [_thread_blocked, id=533, stack(0x00007ff2cd669000,0x00007ff2cd76a000)]
  0x00007ff260002a10 JavaThread "OkHttp TaskRunner" daemon [_thread_blocked, id=534, stack(0x00007ff2cd568000,0x00007ff2cd669000)]
  0x00007ff25c001250 JavaThread "OkHttp scanner.sonarcloud.io" daemon [_thread_in_native, id=535, stack(0x00007ff2cd467000,0x00007ff2cd568000)]
  0x00007ff25c002470 JavaThread "OkHttp TaskRunner" daemon [_thread_blocked, id=536, stack(0x00007ff2cd366000,0x00007ff2cd467000)]
  0x00007ff2e46c2500 JavaThread "Okio Watchdog" daemon [_thread_blocked, id=537, stack(0x00007ff2cd265000,0x00007ff2cd366000)]
  0x00007ff2e4783190 JavaThread "process reaper" daemon [_thread_blocked, id=711, stack(0x00007ff2cd041000,0x00007ff2cd063000)]
  0x00007ff2e49f1d30 JavaThread "JGit-WorkQueue" daemon [_thread_blocked, id=715, stack(0x00007ff2ccf40000,0x00007ff2cd041000)]
  0x00007ff2e4c7f740 JavaThread "Cleaner-0" daemon [_thread_blocked, id=725, stack(0x00007ff2cd063000,0x00007ff2cd164000)]

Other Threads:
=>0x00007ff2e409de40 VMThread "VM Thread" [stack: 0x00007ff2e8e47000,0x00007ff2e8f47000] [id=516]
  0x00007ff2e40c1f00 WatcherThread [stack: 0x00007ff2e812f000,0x00007ff2e822f000] [id=526]
  0x00007ff2e4053e70 GCTaskThread "GC Thread#0" [stack: 0x00007ff2e973c000,0x00007ff2e983c000] [id=511]
  0x00007ff26c004830 GCTaskThread "GC Thread#1" [stack: 0x00007ff2cde8f000,0x00007ff2cdf8f000] [id=528]
  0x00007ff2e40592d0 ConcurrentGCThread "G1 Main Marker" [stack: 0x00007ff2e963b000,0x00007ff2e973b000] [id=512]
  0x00007ff2e405a240 ConcurrentGCThread "G1 Conc#0" [stack: 0x00007ff2e953a000,0x00007ff2e963a000] [id=513]
  0x00007ff2e4078e70 ConcurrentGCThread "G1 Refine#0" [stack: 0x00007ff2e9237000,0x00007ff2e9337000] [id=514]
  0x00007ff2b8003da0 ConcurrentGCThread "G1 Refine#1" [stack: 0x00007ff2cd165000,0x00007ff2cd265000] [id=628]
  0x00007ff2e4079d70 ConcurrentGCThread "G1 Service" [stack: 0x00007ff2e9136000,0x00007ff2e9236000] [id=515]

Threads with active compile tasks:
C2 CompilerThread0    70932 10229       4       java.util.Collection::stream (11 bytes)
C1 CompilerThread0    70932 10216       2       com.sonar.security.config.C.A::A (33 bytes)

VM state: at safepoint (normal execution)

VM Mutex/Monitor currently owned by a thread:  ([mutex/lock_event])
[0x00007ff2e4022650] Threads_lock - owner thread: 0x00007ff2e409de40
[0x00007ff2e4022e00] Heap_lock - owner thread: 0x00007ff2e40274b0

Heap address: 0x00000000e0c00000, size: 500 MB, Compressed Oops mode: 32-bit

CDS archive(s) mapped at: [0x00007ff277000000-0x00007ff277a5e000-0x00007ff277a5e000), size 10870784, SharedBaseAddress: 0x00007ff277000000, ArchiveRelocationMode: 1.
Compressed class space mapped at: 0x00007ff278000000-0x00007ff2b8000000, reserved size: 1073741824
Narrow klass base: 0x00007ff277000000, Narrow klass shift: 0, Narrow klass range: 0x100000000

GC Precious Log:
 CPUs: 2 total, 2 available
 Memory: 1992M
 Large Page Support: Disabled
 NUMA Support: Disabled
 Compressed Oops: Enabled (32-bit)
 Heap Region Size: 1M
 Heap Min Capacity: 8M
 Heap Initial Capacity: 32M
 Heap Max Capacity: 500M
 Pre-touch: Disabled
 Parallel Workers: 2
 Concurrent Workers: 1
 Concurrent Refinement Workers: 2
 Periodic GC: Disabled

Heap:
 garbage-first heap   total 314368K, used 164200K [0x00000000e0c00000, 0x0000000100000000)
  region size 1024K, 11 young (11264K), 11 survivors (11264K)
 Metaspace       used 92059K, committed 92736K, reserved 1179648K
  class space    used 10747K, committed 11072K, reserved 1048576K

Heap Regions: E=young(eden), S=young(survivor), O=old, HS=humongous(starts), HC=humongous(continues), CS=collection set, F=free, OA=open archive, CA=closed archive, TAMS=top-at-mark-start (previous, next)
|   0|0x00000000e0c00000, 0x00000000e0d00000, 0x00000000e0d00000|100%| O|  |TAMS 0x00000000e0d00000, 0x00000000e0d00000| Untracked 
|   1|0x00000000e0d00000, 0x00000000e0e00000, 0x00000000e0e00000|100%| O|  |TAMS 0x00000000e0e00000, 0x00000000e0e00000| Untracked 
|   2|0x00000000e0e00000, 0x00000000e0f00000, 0x00000000e0f00000|100%| O|  |TAMS 0x00000000e0f00000, 0x00000000e0f00000| Untracked 
|   3|0x00000000e0f00000, 0x00000000e1000000, 0x00000000e1000000|100%|HS|  |TAMS 0x00000000e1000000, 0x00000000e1000000| Complete 
|   4|0x00000000e1000000, 0x00000000e1100000, 0x00000000e1100000|100%|HC|  |TAMS 0x00000000e1100000, 0x00000000e1100000| Complete 
|   5|0x00000000e1100000, 0x00000000e1200000, 0x00000000e1200000|100%|HC|  |TAMS 0x00000000e1200000, 0x00000000e1200000| Complete 
|   6|0x00000000e1200000, 0x00000000e1300000, 0x00000000e1300000|100%| O|  |TAMS 0x00000000e1300000, 0x00000000e1300000| Untracked 
|   7|0x00000000e1300000, 0x00000000e1400000, 0x00000000e1400000|100%| O|  |TAMS 0x00000000e1400000, 0x00000000e1400000| Untracked 
|   8|0x00000000e1400000, 0x00000000e1500000, 0x00000000e1500000|100%| O|  |TAMS 0x00000000e1500000, 0x00000000e1500000| Untracked 
|   9|0x00000000e1500000, 0x00000000e1600000, 0x00000000e1600000|100%| O|  |TAMS 0x00000000e1600000, 0x00000000e1600000| Untracked 
|  10|0x00000000e1600000, 0x00000000e1700000, 0x00000000e1700000|100%| O|  |TAMS 0x00000000e1700000, 0x00000000e1700000| Untracked 
|  11|0x00000000e1700000, 0x00000000e1800000, 0x00000000e1800000|100%|HS|  |TAMS 0x00000000e1700000, 0x00000000e1800000| Complete 
|  12|0x00000000e1800000, 0x00000000e1900000, 0x00000000e1900000|100%| O|  |TAMS 0x00000000e1900000, 0x00000000e1900000| Untracked 
|  13|0x00000000e1900000, 0x00000000e1a00000, 0x00000000e1a00000|100%| O|  |TAMS 0x00000000e1a00000, 0x00000000e1a00000| Untracked 
|  14|0x00000000e1a00000, 0x00000000e1b00000, 0x00000000e1b00000|100%| O|  |TAMS 0x00000000e1b00000, 0x00000000e1b00000| Untracked 
|  15|0x00000000e1b00000, 0x00000000e1c00000, 0x00000000e1c00000|100%| O|  |TAMS 0x00000000e1c00000, 0x00000000e1c00000| Untracked 
|  16|0x00000000e1c00000, 0x00000000e1d00000, 0x00000000e1d00000|100%| O|  |TAMS 0x00000000e1d00000, 0x00000000e1d00000| Untracked 
|  17|0x00000000e1d00000, 0x00000000e1e00000, 0x00000000e1e00000|100%| O|  |TAMS 0x00000000e1e00000, 0x00000000e1e00000| Untracked 
|  18|0x00000000e1e00000, 0x00000000e1f00000, 0x00000000e1f00000|100%| O|  |TAMS 0x00000000e1f00000, 0x00000000e1f00000| Untracked 
|  19|0x00000000e1f00000, 0x00000000e2000000, 0x00000000e2000000|100%| O|  |TAMS 0x00000000e2000000, 0x00000000e2000000| Untracked 
|  20|0x00000000e2000000, 0x00000000e2100000, 0x00000000e2100000|100%|HS|  |TAMS 0x00000000e2100000, 0x00000000e2100000| Complete 
|  21|0x00000000e2100000, 0x00000000e2200000, 0x00000000e2200000|100%| O|  |TAMS 0x00000000e2200000, 0x00000000e2200000| Untracked 
|  22|0x00000000e2200000, 0x00000000e2300000, 0x00000000e2300000|100%| O|  |TAMS 0x00000000e2300000, 0x00000000e2300000| Untracked 
|  23|0x00000000e2300000, 0x00000000e2400000, 0x00000000e2400000|100%| O|  |TAMS 0x00000000e2300000, 0x00000000e2400000| Untracked 
|  24|0x00000000e2400000, 0x00000000e2500000, 0x00000000e2500000|100%| O|  |TAMS 0x00000000e2500000, 0x00000000e2500000| Untracked 
|  25|0x00000000e2500000, 0x00000000e2600000, 0x00000000e2600000|100%| O|  |TAMS 0x00000000e2600000, 0x00000000e2600000| Untracked 
|  26|0x00000000e2600000, 0x00000000e2700000, 0x00000000e2700000|100%| O|  |TAMS 0x00000000e2700000, 0x00000000e2700000| Untracked 
|  27|0x00000000e2700000, 0x00000000e2800000, 0x00000000e2800000|100%| O|  |TAMS 0x00000000e2800000, 0x00000000e2800000| Untracked 
|  28|0x00000000e2800000, 0x00000000e2900000, 0x00000000e2900000|100%| O|  |TAMS 0x00000000e2900000, 0x00000000e2900000| Untracked 
|  29|0x00000000e2900000, 0x00000000e2a00000, 0x00000000e2a00000|100%| O|  |TAMS 0x00000000e2a00000, 0x00000000e2a00000| Untracked 
|  30|0x00000000e2a00000, 0x00000000e2b00000, 0x00000000e2b00000|100%| O|  |TAMS 0x00000000e2b00000, 0x00000000e2b00000| Untracked 
|  31|0x00000000e2b00000, 0x00000000e2c00000, 0x00000000e2c00000|100%| O|  |TAMS 0x00000000e2c00000, 0x00000000e2c00000| Untracked 
|  32|0x00000000e2c00000, 0x00000000e2d00000, 0x00000000e2d00000|100%| O|  |TAMS 0x00000000e2d00000, 0x00000000e2d00000| Untracked 
|  33|0x00000000e2d00000, 0x00000000e2e00000, 0x00000000e2e00000|100%| O|  |TAMS 0x00000000e2e00000, 0x00000000e2e00000| Untracked 
|  34|0x00000000e2e00000, 0x00000000e2f00000, 0x00000000e2f00000|100%| O|  |TAMS 0x00000000e2f00000, 0x00000000e2f00000| Untracked 
|  35|0x00000000e2f00000, 0x00000000e3000000, 0x00000000e3000000|100%|HS|  |TAMS 0x00000000e3000000, 0x00000000e3000000| Complete 
|  36|0x00000000e3000000, 0x00000000e3100000, 0x00000000e3100000|100%|HC|  |TAMS 0x00000000e3100000, 0x00000000e3100000| Complete 
|  37|0x00000000e3100000, 0x00000000e3200000, 0x00000000e3200000|100%| O|  |TAMS 0x00000000e3200000, 0x00000000e3200000| Untracked 
|  38|0x00000000e3200000, 0x00000000e3300000, 0x00000000e3300000|100%| O|  |TAMS 0x00000000e3300000, 0x00000000e3300000| Untracked 
|  39|0x00000000e3300000, 0x00000000e3400000, 0x00000000e3400000|100%| O|  |TAMS 0x00000000e3400000, 0x00000000e3400000| Untracked 
|  40|0x00000000e3400000, 0x00000000e3500000, 0x00000000e3500000|100%| O|  |TAMS 0x00000000e3500000, 0x00000000e3500000| Untracked 
|  41|0x00000000e3500000, 0x00000000e3600000, 0x00000000e3600000|100%| O|  |TAMS 0x00000000e3600000, 0x00000000e3600000| Untracked 
|  42|0x00000000e3600000, 0x00000000e3700000, 0x00000000e3700000|100%| O|  |TAMS 0x00000000e3700000, 0x00000000e3700000| Untracked 
|  43|0x00000000e3700000, 0x00000000e3800000, 0x00000000e3800000|100%| O|  |TAMS 0x00000000e3800000, 0x00000000e3800000| Untracked 
|  44|0x00000000e3800000, 0x00000000e3900000, 0x00000000e3900000|100%| O|  |TAMS 0x00000000e3900000, 0x00000000e3900000| Untracked 
|  45|0x00000000e3900000, 0x00000000e3a00000, 0x00000000e3a00000|100%| O|  |TAMS 0x00000000e3a00000, 0x00000000e3a00000| Untracked 
|  46|0x00000000e3a00000, 0x00000000e3b00000, 0x00000000e3b00000|100%| O|  |TAMS 0x00000000e3b00000, 0x00000000e3b00000| Untracked 
|  47|0x00000000e3b00000, 0x00000000e3c00000, 0x00000000e3c00000|100%| O|  |TAMS 0x00000000e3c00000, 0x00000000e3c00000| Untracked 
|  48|0x00000000e3c00000, 0x00000000e3d00000, 0x00000000e3d00000|100%| O|  |TAMS 0x00000000e3d00000, 0x00000000e3d00000| Untracked 
|  49|0x00000000e3d00000, 0x00000000e3e00000, 0x00000000e3e00000|100%| O|  |TAMS 0x00000000e3e00000, 0x00000000e3e00000| Untracked 
|  50|0x00000000e3e00000, 0x00000000e3f00000, 0x00000000e3f00000|100%| O|  |TAMS 0x00000000e3f00000, 0x00000000e3f00000| Untracked 
|  51|0x00000000e3f00000, 0x00000000e4000000, 0x00000000e4000000|100%| O|  |TAMS 0x00000000e4000000, 0x00000000e4000000| Untracked 
|  52|0x00000000e4000000, 0x00000000e4100000, 0x00000000e4100000|100%| O|  |TAMS 0x00000000e4100000, 0x00000000e4100000| Untracked 
|  53|0x00000000e4100000, 0x00000000e4200000, 0x00000000e4200000|100%| O|  |TAMS 0x00000000e4200000, 0x00000000e4200000| Untracked 
|  54|0x00000000e4200000, 0x00000000e4300000, 0x00000000e4300000|100%| O|  |TAMS 0x00000000e4300000, 0x00000000e4300000| Untracked 
|  55|0x00000000e4300000, 0x00000000e4400000, 0x00000000e4400000|100%| O|  |TAMS 0x00000000e4400000, 0x00000000e4400000| Untracked 
|  56|0x00000000e4400000, 0x00000000e4500000, 0x00000000e4500000|100%| O|  |TAMS 0x00000000e4500000, 0x00000000e4500000| Untracked 
|  57|0x00000000e4500000, 0x00000000e4600000, 0x00000000e4600000|100%| O|  |TAMS 0x00000000e4600000, 0x00000000e4600000| Untracked 
|  58|0x00000000e4600000, 0x00000000e4700000, 0x00000000e4700000|100%| O|  |TAMS 0x00000000e4700000, 0x00000000e4700000| Untracked 
|  59|0x00000000e4700000, 0x00000000e4800000, 0x00000000e4800000|100%| O|  |TAMS 0x00000000e4800000, 0x00000000e4800000| Untracked 
|  60|0x00000000e4800000, 0x00000000e4900000, 0x00000000e4900000|100%| O|  |TAMS 0x00000000e4900000, 0x00000000e4900000| Untracked 
|  61|0x00000000e4900000, 0x00000000e4a00000, 0x00000000e4a00000|100%| O|  |TAMS 0x00000000e4a00000, 0x00000000e4a00000| Untracked 
|  62|0x00000000e4a00000, 0x00000000e4b00000, 0x00000000e4b00000|100%| O|  |TAMS 0x00000000e4b00000, 0x00000000e4b00000| Untracked 
|  63|0x00000000e4b00000, 0x00000000e4c00000, 0x00000000e4c00000|100%| O|  |TAMS 0x00000000e4c00000, 0x00000000e4c00000| Untracked 
|  64|0x00000000e4c00000, 0x00000000e4d00000, 0x00000000e4d00000|100%| O|  |TAMS 0x00000000e4d00000, 0x00000000e4d00000| Untracked 
|  65|0x00000000e4d00000, 0x00000000e4e00000, 0x00000000e4e00000|100%| O|  |TAMS 0x00000000e4e00000, 0x00000000e4e00000| Untracked 
|  66|0x00000000e4e00000, 0x00000000e4f00000, 0x00000000e4f00000|100%| O|  |TAMS 0x00000000e4f00000, 0x00000000e4f00000| Untracked 
|  67|0x00000000e4f00000, 0x00000000e5000000, 0x00000000e5000000|100%| O|  |TAMS 0x00000000e5000000, 0x00000000e5000000| Untracked 
|  68|0x00000000e5000000, 0x00000000e5100000, 0x00000000e5100000|100%| O|  |TAMS 0x00000000e5100000, 0x00000000e5100000| Untracked 
|  69|0x00000000e5100000, 0x00000000e5200000, 0x00000000e5200000|100%| O|  |TAMS 0x00000000e5165000, 0x00000000e5200000| Untracked 
|  70|0x00000000e5200000, 0x00000000e5300000, 0x00000000e5300000|100%| O|  |TAMS 0x00000000e5200000, 0x00000000e5300000| Untracked 
|  71|0x00000000e5300000, 0x00000000e5400000, 0x00000000e5400000|100%| O|  |TAMS 0x00000000e5300000, 0x00000000e5400000| Untracked 
|  72|0x00000000e5400000, 0x00000000e5500000, 0x00000000e5500000|100%| O|  |TAMS 0x00000000e5400000, 0x00000000e5500000| Untracked 
|  73|0x00000000e5500000, 0x00000000e5600000, 0x00000000e5600000|100%| O|  |TAMS 0x00000000e5500000, 0x00000000e5600000| Untracked 
|  74|0x00000000e5600000, 0x00000000e5700000, 0x00000000e5700000|100%| O|  |TAMS 0x00000000e5600000, 0x00000000e5700000| Untracked 
|  75|0x00000000e5700000, 0x00000000e5800000, 0x00000000e5800000|100%| O|  |TAMS 0x00000000e5700000, 0x00000000e5800000| Untracked 
|  76|0x00000000e5800000, 0x00000000e5900000, 0x00000000e5900000|100%|HS|  |TAMS 0x00000000e5800000, 0x00000000e5900000| Complete 
|  77|0x00000000e5900000, 0x00000000e5a00000, 0x00000000e5a00000|100%|HC|  |TAMS 0x00000000e5900000, 0x00000000e5a00000| Complete 
|  78|0x00000000e5a00000, 0x00000000e5b00000, 0x00000000e5b00000|100%|HC|  |TAMS 0x00000000e5a00000, 0x00000000e5b00000| Complete 
|  79|0x00000000e5b00000, 0x00000000e5c00000, 0x00000000e5c00000|100%|HC|  |TAMS 0x00000000e5b00000, 0x00000000e5c00000| Complete 
|  80|0x00000000e5c00000, 0x00000000e5d00000, 0x00000000e5d00000|100%|HC|  |TAMS 0x00000000e5c00000, 0x00000000e5d00000| Complete 
|  81|0x00000000e5d00000, 0x00000000e5e00000, 0x00000000e5e00000|100%|HC|  |TAMS 0x00000000e5d00000, 0x00000000e5e00000| Complete 
|  82|0x00000000e5e00000, 0x00000000e5f00000, 0x00000000e5f00000|100%|HC|  |TAMS 0x00000000e5e00000, 0x00000000e5f00000| Complete 
|  83|0x00000000e5f00000, 0x00000000e6000000, 0x00000000e6000000|100%|HC|  |TAMS 0x00000000e5f00000, 0x00000000e6000000| Complete 
|  84|0x00000000e6000000, 0x00000000e6100000, 0x00000000e6100000|100%|HC|  |TAMS 0x00000000e6000000, 0x00000000e6100000| Complete 
|  85|0x00000000e6100000, 0x00000000e6200000, 0x00000000e6200000|100%|HC|  |TAMS 0x00000000e6100000, 0x00000000e6200000| Complete 
|  86|0x00000000e6200000, 0x00000000e6300000, 0x00000000e6300000|100%|HC|  |TAMS 0x00000000e6200000, 0x00000000e6300000| Complete 
|  87|0x00000000e6300000, 0x00000000e6400000, 0x00000000e6400000|100%|HC|  |TAMS 0x00000000e6300000, 0x00000000e6400000| Complete 
|  88|0x00000000e6400000, 0x00000000e6500000, 0x00000000e6500000|100%|HC|  |TAMS 0x00000000e6400000, 0x00000000e6500000| Complete 
|  89|0x00000000e6500000, 0x00000000e6600000, 0x00000000e6600000|100%|HC|  |TAMS 0x00000000e6500000, 0x00000000e6600000| Complete 
|  90|0x00000000e6600000, 0x00000000e6700000, 0x00000000e6700000|100%|HC|  |TAMS 0x00000000e6600000, 0x00000000e6700000| Complete 
|  91|0x00000000e6700000, 0x00000000e6800000, 0x00000000e6800000|100%|HC|  |TAMS 0x00000000e6700000, 0x00000000e6800000| Complete 
|  92|0x00000000e6800000, 0x00000000e6900000, 0x00000000e6900000|100%|HC|  |TAMS 0x00000000e6800000, 0x00000000e6900000| Complete 
|  93|0x00000000e6900000, 0x00000000e6a00000, 0x00000000e6a00000|100%|HC|  |TAMS 0x00000000e6900000, 0x00000000e6a00000| Complete 
|  94|0x00000000e6a00000, 0x00000000e6b00000, 0x00000000e6b00000|100%| O|  |TAMS 0x00000000e6a00000, 0x00000000e6b00000| Untracked 
|  95|0x00000000e6b00000, 0x00000000e6c00000, 0x00000000e6c00000|100%| O|  |TAMS 0x00000000e6b00000, 0x00000000e6c00000| Untracked 
|  96|0x00000000e6c00000, 0x00000000e6d00000, 0x00000000e6d00000|100%| O|  |TAMS 0x00000000e6c00000, 0x00000000e6d00000| Untracked 
|  97|0x00000000e6d00000, 0x00000000e6e00000, 0x00000000e6e00000|100%| O|  |TAMS 0x00000000e6d00000, 0x00000000e6e00000| Untracked 
|  98|0x00000000e6e00000, 0x00000000e6f00000, 0x00000000e6f00000|100%| O|  |TAMS 0x00000000e6e00000, 0x00000000e6f00000| Untracked 
|  99|0x00000000e6f00000, 0x00000000e7000000, 0x00000000e7000000|100%| O|  |TAMS 0x00000000e6f00000, 0x00000000e7000000| Untracked 
| 100|0x00000000e7000000, 0x00000000e7100000, 0x00000000e7100000|100%| O|  |TAMS 0x00000000e7000000, 0x00000000e7100000| Untracked 
| 101|0x00000000e7100000, 0x00000000e7200000, 0x00000000e7200000|100%| O|  |TAMS 0x00000000e7100000, 0x00000000e7200000| Untracked 
| 102|0x00000000e7200000, 0x00000000e7300000, 0x00000000e7300000|100%| O|  |TAMS 0x00000000e7200000, 0x00000000e7300000| Untracked 
| 103|0x00000000e7300000, 0x00000000e7400000, 0x00000000e7400000|100%|HS|  |TAMS 0x00000000e7300000, 0x00000000e7400000| Complete 
| 104|0x00000000e7400000, 0x00000000e7500000, 0x00000000e7500000|100%| O|  |TAMS 0x00000000e7400000, 0x00000000e7500000| Untracked 
| 105|0x00000000e7500000, 0x00000000e7600000, 0x00000000e7600000|100%| O|  |TAMS 0x00000000e7500000, 0x00000000e7600000| Untracked 
| 106|0x00000000e7600000, 0x00000000e7700000, 0x00000000e7700000|100%| O|  |TAMS 0x00000000e7600000, 0x00000000e7700000| Untracked 
| 107|0x00000000e7700000, 0x00000000e7800000, 0x00000000e7800000|100%| O|  |TAMS 0x00000000e7700000, 0x00000000e7800000| Untracked 
| 108|0x00000000e7800000, 0x00000000e7900000, 0x00000000e7900000|100%| O|  |TAMS 0x00000000e7800000, 0x00000000e7900000| Untracked 
| 109|0x00000000e7900000, 0x00000000e7a00000, 0x00000000e7a00000|100%| O|  |TAMS 0x00000000e7900000, 0x00000000e7a00000| Untracked 
| 110|0x00000000e7a00000, 0x00000000e7b00000, 0x00000000e7b00000|100%| O|  |TAMS 0x00000000e7a00000, 0x00000000e7b00000| Untracked 
| 111|0x00000000e7b00000, 0x00000000e7c00000, 0x00000000e7c00000|100%| O|  |TAMS 0x00000000e7b00000, 0x00000000e7c00000| Untracked 
| 112|0x00000000e7c00000, 0x00000000e7d00000, 0x00000000e7d00000|100%| O|  |TAMS 0x00000000e7c00000, 0x00000000e7d00000| Untracked 
| 113|0x00000000e7d00000, 0x00000000e7e00000, 0x00000000e7e00000|100%| O|  |TAMS 0x00000000e7d00000, 0x00000000e7e00000| Untracked 
| 114|0x00000000e7e00000, 0x00000000e7f00000, 0x00000000e7f00000|100%| O|  |TAMS 0x00000000e7e00000, 0x00000000e7f00000| Untracked 
| 115|0x00000000e7f00000, 0x00000000e8000000, 0x00000000e8000000|100%| O|  |TAMS 0x00000000e7f00000, 0x00000000e8000000| Untracked 
| 116|0x00000000e8000000, 0x00000000e8100000, 0x00000000e8100000|100%| O|  |TAMS 0x00000000e8000000, 0x00000000e8100000| Untracked 
| 117|0x00000000e8100000, 0x00000000e8200000, 0x00000000e8200000|100%| O|  |TAMS 0x00000000e8100000, 0x00000000e8200000| Untracked 
| 118|0x00000000e8200000, 0x00000000e8300000, 0x00000000e8300000|100%| O|  |TAMS 0x00000000e8200000, 0x00000000e8300000| Untracked 
| 119|0x00000000e8300000, 0x00000000e8400000, 0x00000000e8400000|100%| O|  |TAMS 0x00000000e8300000, 0x00000000e83ab200| Untracked 
| 120|0x00000000e8400000, 0x00000000e8500000, 0x00000000e8500000|100%| O|  |TAMS 0x00000000e8400000, 0x00000000e8400000| Untracked 
| 121|0x00000000e8500000, 0x00000000e8600000, 0x00000000e8600000|100%| O|  |TAMS 0x00000000e8500000, 0x00000000e8500000| Untracked 
| 122|0x00000000e8600000, 0x00000000e8700000, 0x00000000e8700000|100%| O|  |TAMS 0x00000000e8600000, 0x00000000e8600000| Untracked 
| 123|0x00000000e8700000, 0x00000000e8800000, 0x00000000e8800000|100%| O|  |TAMS 0x00000000e8700000, 0x00000000e8700000| Untracked 
| 124|0x00000000e8800000, 0x00000000e8900000, 0x00000000e8900000|100%| O|  |TAMS 0x00000000e8800000, 0x00000000e8800000| Untracked 
| 125|0x00000000e8900000, 0x00000000e8a00000, 0x00000000e8a00000|100%| O|  |TAMS 0x00000000e8900000, 0x00000000e8900000| Untracked 
| 126|0x00000000e8a00000, 0x00000000e8b00000, 0x00000000e8b00000|100%| O|  |TAMS 0x00000000e8a00000, 0x00000000e8a00000| Untracked 
| 127|0x00000000e8b00000, 0x00000000e8c00000, 0x00000000e8c00000|100%| O|  |TAMS 0x00000000e8b00000, 0x00000000e8b00000| Untracked 
| 128|0x00000000e8c00000, 0x00000000e8d00000, 0x00000000e8d00000|100%| O|  |TAMS 0x00000000e8c00000, 0x00000000e8c00000| Untracked 
| 129|0x00000000e8d00000, 0x00000000e8e00000, 0x00000000e8e00000|100%| O|  |TAMS 0x00000000e8d00000, 0x00000000e8d00000| Untracked 
| 130|0x00000000e8e00000, 0x00000000e8f00000, 0x00000000e8f00000|100%| O|  |TAMS 0x00000000e8e00000, 0x00000000e8e00000| Untracked 
| 131|0x00000000e8f00000, 0x00000000e9000000, 0x00000000e9000000|100%| O|  |TAMS 0x00000000e8f00000, 0x00000000e8f00000| Untracked 
| 132|0x00000000e9000000, 0x00000000e9100000, 0x00000000e9100000|100%| O|  |TAMS 0x00000000e9000000, 0x00000000e9000000| Untracked 
| 133|0x00000000e9100000, 0x00000000e9200000, 0x00000000e9200000|100%| O|  |TAMS 0x00000000e9100000, 0x00000000e9100000| Untracked 
| 134|0x00000000e9200000, 0x00000000e9300000, 0x00000000e9300000|100%| O|  |TAMS 0x00000000e9200000, 0x00000000e9200000| Untracked 
| 135|0x00000000e9300000, 0x00000000e9400000, 0x00000000e9400000|100%| O|  |TAMS 0x00000000e9300000, 0x00000000e9300000| Untracked 
| 136|0x00000000e9400000, 0x00000000e9500000, 0x00000000e9500000|100%| O|  |TAMS 0x00000000e9400000, 0x00000000e9400000| Untracked 
| 137|0x00000000e9500000, 0x00000000e9500000, 0x00000000e9600000|  0%| F|  |TAMS 0x00000000e9500000, 0x00000000e9500000| Untracked 
| 138|0x00000000e9600000, 0x00000000e9600000, 0x00000000e9700000|  0%| F|  |TAMS 0x00000000e9600000, 0x00000000e9600000| Untracked 
| 139|0x00000000e9700000, 0x00000000e9700000, 0x00000000e9800000|  0%| F|  |TAMS 0x00000000e9700000, 0x00000000e9700000| Untracked 
| 140|0x00000000e9800000, 0x00000000e9800000, 0x00000000e9900000|  0%| F|  |TAMS 0x00000000e9800000, 0x00000000e9800000| Untracked 
| 141|0x00000000e9900000, 0x00000000e9900000, 0x00000000e9a00000|  0%| F|  |TAMS 0x00000000e9900000, 0x00000000e9900000| Untracked 
| 142|0x00000000e9a00000, 0x00000000e9a00000, 0x00000000e9b00000|  0%| F|  |TAMS 0x00000000e9a00000, 0x00000000e9a00000| Untracked 
| 143|0x00000000e9b00000, 0x00000000e9b00000, 0x00000000e9c00000|  0%| F|  |TAMS 0x00000000e9b00000, 0x00000000e9b00000| Untracked 
| 144|0x00000000e9c00000, 0x00000000e9c00000, 0x00000000e9d00000|  0%| F|  |TAMS 0x00000000e9c00000, 0x00000000e9c00000| Untracked 
| 145|0x00000000e9d00000, 0x00000000e9d00000, 0x00000000e9e00000|  0%| F|  |TAMS 0x00000000e9d00000, 0x00000000e9d00000| Untracked 
| 146|0x00000000e9e00000, 0x00000000e9e00000, 0x00000000e9f00000|  0%| F|  |TAMS 0x00000000e9e00000, 0x00000000e9e00000| Untracked 
| 147|0x00000000e9f00000, 0x00000000e9f00000, 0x00000000ea000000|  0%| F|  |TAMS 0x00000000e9f00000, 0x00000000e9f00000| Untracked 
| 148|0x00000000ea000000, 0x00000000ea000000, 0x00000000ea100000|  0%| F|  |TAMS 0x00000000ea000000, 0x00000000ea000000| Untracked 
| 149|0x00000000ea100000, 0x00000000ea100000, 0x00000000ea200000|  0%| F|  |TAMS 0x00000000ea100000, 0x00000000ea100000| Untracked 
| 150|0x00000000ea200000, 0x00000000ea200000, 0x00000000ea300000|  0%| F|  |TAMS 0x00000000ea200000, 0x00000000ea200000| Untracked 
| 151|0x00000000ea300000, 0x00000000ea300000, 0x00000000ea400000|  0%| F|  |TAMS 0x00000000ea300000, 0x00000000ea300000| Untracked 
| 152|0x00000000ea400000, 0x00000000ea400000, 0x00000000ea500000|  0%| F|  |TAMS 0x00000000ea400000, 0x00000000ea400000| Untracked 
| 153|0x00000000ea500000, 0x00000000ea500000, 0x00000000ea600000|  0%| F|  |TAMS 0x00000000ea500000, 0x00000000ea500000| Untracked 
| 154|0x00000000ea600000, 0x00000000ea600000, 0x00000000ea700000|  0%| F|  |TAMS 0x00000000ea600000, 0x00000000ea600000| Untracked 
| 155|0x00000000ea700000, 0x00000000ea700000, 0x00000000ea800000|  0%| F|  |TAMS 0x00000000ea700000, 0x00000000ea700000| Untracked 
| 156|0x00000000ea800000, 0x00000000ea800000, 0x00000000ea900000|  0%| F|  |TAMS 0x00000000ea800000, 0x00000000ea800000| Untracked 
| 157|0x00000000ea900000, 0x00000000ea900000, 0x00000000eaa00000|  0%| F|  |TAMS 0x00000000ea900000, 0x00000000ea900000| Untracked 
| 158|0x00000000eaa00000, 0x00000000eaa00000, 0x00000000eab00000|  0%| F|  |TAMS 0x00000000eaa00000, 0x00000000eaa00000| Untracked 
| 159|0x00000000eab00000, 0x00000000eab00000, 0x00000000eac00000|  0%| F|  |TAMS 0x00000000eab00000, 0x00000000eab00000| Untracked 
| 160|0x00000000eac00000, 0x00000000eac00000, 0x00000000ead00000|  0%| F|  |TAMS 0x00000000eac00000, 0x00000000eac00000| Untracked 
| 161|0x00000000ead00000, 0x00000000ead00000, 0x00000000eae00000|  0%| F|  |TAMS 0x00000000ead00000, 0x00000000ead00000| Untracked 
| 162|0x00000000eae00000, 0x00000000eae00000, 0x00000000eaf00000|  0%| F|  |TAMS 0x00000000eae00000, 0x00000000eae00000| Untracked 
| 163|0x00000000eaf00000, 0x00000000eaf00000, 0x00000000eb000000|  0%| F|  |TAMS 0x00000000eaf00000, 0x00000000eaf00000| Untracked 
| 164|0x00000000eb000000, 0x00000000eb000000, 0x00000000eb100000|  0%| F|  |TAMS 0x00000000eb000000, 0x00000000eb000000| Untracked 
| 165|0x00000000eb100000, 0x00000000eb100000, 0x00000000eb200000|  0%| F|  |TAMS 0x00000000eb100000, 0x00000000eb100000| Untracked 
| 166|0x00000000eb200000, 0x00000000eb200000, 0x00000000eb300000|  0%| F|  |TAMS 0x00000000eb200000, 0x00000000eb200000| Untracked 
| 167|0x00000000eb300000, 0x00000000eb300000, 0x00000000eb400000|  0%| F|  |TAMS 0x00000000eb300000, 0x00000000eb300000| Untracked 
| 168|0x00000000eb400000, 0x00000000eb400000, 0x00000000eb500000|  0%| F|  |TAMS 0x00000000eb400000, 0x00000000eb400000| Untracked 
| 169|0x00000000eb500000, 0x00000000eb500000, 0x00000000eb600000|  0%| F|  |TAMS 0x00000000eb500000, 0x00000000eb500000| Untracked 
| 170|0x00000000eb600000, 0x00000000eb600000, 0x00000000eb700000|  0%| F|  |TAMS 0x00000000eb600000, 0x00000000eb600000| Untracked 
| 171|0x00000000eb700000, 0x00000000eb700000, 0x00000000eb800000|  0%| F|  |TAMS 0x00000000eb700000, 0x00000000eb700000| Untracked 
| 172|0x00000000eb800000, 0x00000000eb800000, 0x00000000eb900000|  0%| F|  |TAMS 0x00000000eb800000, 0x00000000eb800000| Untracked 
| 173|0x00000000eb900000, 0x00000000eb900000, 0x00000000eba00000|  0%| F|  |TAMS 0x00000000eb900000, 0x00000000eb900000| Untracked 
| 174|0x00000000eba00000, 0x00000000eba00000, 0x00000000ebb00000|  0%| F|  |TAMS 0x00000000eba00000, 0x00000000eba00000| Untracked 
| 175|0x00000000ebb00000, 0x00000000ebb00000, 0x00000000ebc00000|  0%| F|  |TAMS 0x00000000ebb00000, 0x00000000ebb00000| Untracked 
| 176|0x00000000ebc00000, 0x00000000ebc00000, 0x00000000ebd00000|  0%| F|  |TAMS 0x00000000ebc00000, 0x00000000ebc00000| Untracked 
| 177|0x00000000ebd00000, 0x00000000ebd00000, 0x00000000ebe00000|  0%| F|  |TAMS 0x00000000ebd00000, 0x00000000ebd00000| Untracked 
| 178|0x00000000ebe00000, 0x00000000ebe00000, 0x00000000ebf00000|  0%| F|  |TAMS 0x00000000ebe00000, 0x00000000ebe00000| Untracked 
| 179|0x00000000ebf00000, 0x00000000ebf00000, 0x00000000ec000000|  0%| F|  |TAMS 0x00000000ebf00000, 0x00000000ebf00000| Untracked 
| 180|0x00000000ec000000, 0x00000000ec000000, 0x00000000ec100000|  0%| F|  |TAMS 0x00000000ec000000, 0x00000000ec000000| Untracked 
| 181|0x00000000ec100000, 0x00000000ec100000, 0x00000000ec200000|  0%| F|  |TAMS 0x00000000ec100000, 0x00000000ec100000| Untracked 
| 182|0x00000000ec200000, 0x00000000ec200000, 0x00000000ec300000|  0%| F|  |TAMS 0x00000000ec200000, 0x00000000ec200000| Untracked 
| 183|0x00000000ec300000, 0x00000000ec300000, 0x00000000ec400000|  0%| F|  |TAMS 0x00000000ec300000, 0x00000000ec300000| Untracked 
| 184|0x00000000ec400000, 0x00000000ec400000, 0x00000000ec500000|  0%| F|  |TAMS 0x00000000ec400000, 0x00000000ec400000| Untracked 
| 185|0x00000000ec500000, 0x00000000ec500000, 0x00000000ec600000|  0%| F|  |TAMS 0x00000000ec500000, 0x00000000ec500000| Untracked 
| 186|0x00000000ec600000, 0x00000000ec600000, 0x00000000ec700000|  0%| F|  |TAMS 0x00000000ec600000, 0x00000000ec600000| Untracked 
| 187|0x00000000ec700000, 0x00000000ec700000, 0x00000000ec800000|  0%| F|  |TAMS 0x00000000ec700000, 0x00000000ec700000| Untracked 
| 188|0x00000000ec800000, 0x00000000ec800000, 0x00000000ec900000|  0%| F|  |TAMS 0x00000000ec800000, 0x00000000ec800000| Untracked 
| 189|0x00000000ec900000, 0x00000000ec900000, 0x00000000eca00000|  0%| F|  |TAMS 0x00000000ec900000, 0x00000000ec900000| Untracked 
| 190|0x00000000eca00000, 0x00000000eca00000, 0x00000000ecb00000|  0%| F|  |TAMS 0x00000000eca00000, 0x00000000eca00000| Untracked 
| 191|0x00000000ecb00000, 0x00000000ecb00000, 0x00000000ecc00000|  0%| F|  |TAMS 0x00000000ecb00000, 0x00000000ecb00000| Untracked 
| 192|0x00000000ecc00000, 0x00000000ecc00000, 0x00000000ecd00000|  0%| F|  |TAMS 0x00000000ecc00000, 0x00000000ecc00000| Untracked 
| 193|0x00000000ecd00000, 0x00000000ecd00000, 0x00000000ece00000|  0%| F|  |TAMS 0x00000000ecd00000, 0x00000000ecd00000| Untracked 
| 194|0x00000000ece00000, 0x00000000ece00000, 0x00000000ecf00000|  0%| F|  |TAMS 0x00000000ece00000, 0x00000000ece00000| Untracked 
| 195|0x00000000ecf00000, 0x00000000ecf00000, 0x00000000ed000000|  0%| F|  |TAMS 0x00000000ecf00000, 0x00000000ecf00000| Untracked 
| 196|0x00000000ed000000, 0x00000000ed000000, 0x00000000ed100000|  0%| F|  |TAMS 0x00000000ed000000, 0x00000000ed000000| Untracked 
| 197|0x00000000ed100000, 0x00000000ed100000, 0x00000000ed200000|  0%| F|  |TAMS 0x00000000ed100000, 0x00000000ed100000| Untracked 
| 198|0x00000000ed200000, 0x00000000ed200000, 0x00000000ed300000|  0%| F|  |TAMS 0x00000000ed200000, 0x00000000ed200000| Untracked 
| 199|0x00000000ed300000, 0x00000000ed300000, 0x00000000ed400000|  0%| F|  |TAMS 0x00000000ed300000, 0x00000000ed300000| Untracked 
| 200|0x00000000ed400000, 0x00000000ed400000, 0x00000000ed500000|  0%| F|  |TAMS 0x00000000ed400000, 0x00000000ed400000| Untracked 
| 201|0x00000000ed500000, 0x00000000ed500000, 0x00000000ed600000|  0%| F|  |TAMS 0x00000000ed500000, 0x00000000ed500000| Untracked 
| 202|0x00000000ed600000, 0x00000000ed600000, 0x00000000ed700000|  0%| F|  |TAMS 0x00000000ed600000, 0x00000000ed600000| Untracked 
| 203|0x00000000ed700000, 0x00000000ed700000, 0x00000000ed800000|  0%| F|  |TAMS 0x00000000ed700000, 0x00000000ed700000| Untracked 
| 204|0x00000000ed800000, 0x00000000ed800000, 0x00000000ed900000|  0%| F|  |TAMS 0x00000000ed800000, 0x00000000ed800000| Untracked 
| 205|0x00000000ed900000, 0x00000000ed900000, 0x00000000eda00000|  0%| F|  |TAMS 0x00000000ed900000, 0x00000000ed900000| Untracked 
| 206|0x00000000eda00000, 0x00000000eda00000, 0x00000000edb00000|  0%| F|  |TAMS 0x00000000eda00000, 0x00000000eda00000| Untracked 
| 207|0x00000000edb00000, 0x00000000edb00000, 0x00000000edc00000|  0%| F|  |TAMS 0x00000000edb00000, 0x00000000edb00000| Untracked 
| 208|0x00000000edc00000, 0x00000000edc00000, 0x00000000edd00000|  0%| F|  |TAMS 0x00000000edc00000, 0x00000000edc00000| Untracked 
| 209|0x00000000edd00000, 0x00000000edd00000, 0x00000000ede00000|  0%| F|  |TAMS 0x00000000edd00000, 0x00000000edd00000| Untracked 
| 210|0x00000000ede00000, 0x00000000ede00000, 0x00000000edf00000|  0%| F|  |TAMS 0x00000000ede00000, 0x00000000ede00000| Untracked 
| 211|0x00000000edf00000, 0x00000000edf00000, 0x00000000ee000000|  0%| F|  |TAMS 0x00000000edf00000, 0x00000000edf00000| Untracked 
| 212|0x00000000ee000000, 0x00000000ee000000, 0x00000000ee100000|  0%| F|  |TAMS 0x00000000ee000000, 0x00000000ee000000| Untracked 
| 213|0x00000000ee100000, 0x00000000ee100000, 0x00000000ee200000|  0%| F|  |TAMS 0x00000000ee100000, 0x00000000ee100000| Untracked 
| 214|0x00000000ee200000, 0x00000000ee200000, 0x00000000ee300000|  0%| F|  |TAMS 0x00000000ee200000, 0x00000000ee200000| Untracked 
| 215|0x00000000ee300000, 0x00000000ee300000, 0x00000000ee400000|  0%| F|  |TAMS 0x00000000ee300000, 0x00000000ee300000| Untracked 
| 216|0x00000000ee400000, 0x00000000ee400000, 0x00000000ee500000|  0%| F|  |TAMS 0x00000000ee400000, 0x00000000ee400000| Untracked 
| 217|0x00000000ee500000, 0x00000000ee500000, 0x00000000ee600000|  0%| F|  |TAMS 0x00000000ee500000, 0x00000000ee500000| Untracked 
| 218|0x00000000ee600000, 0x00000000ee600000, 0x00000000ee700000|  0%| F|  |TAMS 0x00000000ee600000, 0x00000000ee600000| Untracked 
| 219|0x00000000ee700000, 0x00000000ee700000, 0x00000000ee800000|  0%| F|  |TAMS 0x00000000ee700000, 0x00000000ee700000| Untracked 
| 220|0x00000000ee800000, 0x00000000ee800000, 0x00000000ee900000|  0%| F|  |TAMS 0x00000000ee800000, 0x00000000ee800000| Untracked 
| 221|0x00000000ee900000, 0x00000000ee900000, 0x00000000eea00000|  0%| F|  |TAMS 0x00000000ee900000, 0x00000000ee900000| Untracked 
| 222|0x00000000eea00000, 0x00000000eea00000, 0x00000000eeb00000|  0%| F|  |TAMS 0x00000000eea00000, 0x00000000eea00000| Untracked 
| 223|0x00000000eeb00000, 0x00000000eeb00000, 0x00000000eec00000|  0%| F|  |TAMS 0x00000000eeb00000, 0x00000000eeb00000| Untracked 
| 224|0x00000000eec00000, 0x00000000eec00000, 0x00000000eed00000|  0%| F|  |TAMS 0x00000000eec00000, 0x00000000eec00000| Untracked 
| 225|0x00000000eed00000, 0x00000000eed00000, 0x00000000eee00000|  0%| F|  |TAMS 0x00000000eed00000, 0x00000000eed00000| Untracked 
| 226|0x00000000eee00000, 0x00000000eee00000, 0x00000000eef00000|  0%| F|  |TAMS 0x00000000eee00000, 0x00000000eee00000| Untracked 
| 227|0x00000000eef00000, 0x00000000eef00000, 0x00000000ef000000|  0%| F|  |TAMS 0x00000000eef00000, 0x00000000eef00000| Untracked 
| 228|0x00000000ef000000, 0x00000000ef000000, 0x00000000ef100000|  0%| F|  |TAMS 0x00000000ef000000, 0x00000000ef000000| Untracked 
| 229|0x00000000ef100000, 0x00000000ef100000, 0x00000000ef200000|  0%| F|  |TAMS 0x00000000ef100000, 0x00000000ef100000| Untracked 
| 230|0x00000000ef200000, 0x00000000ef200000, 0x00000000ef300000|  0%| F|  |TAMS 0x00000000ef200000, 0x00000000ef200000| Untracked 
| 231|0x00000000ef300000, 0x00000000ef300000, 0x00000000ef400000|  0%| F|  |TAMS 0x00000000ef300000, 0x00000000ef300000| Untracked 
| 232|0x00000000ef400000, 0x00000000ef400000, 0x00000000ef500000|  0%| F|  |TAMS 0x00000000ef400000, 0x00000000ef400000| Untracked 
| 233|0x00000000ef500000, 0x00000000ef500000, 0x00000000ef600000|  0%| F|  |TAMS 0x00000000ef500000, 0x00000000ef500000| Untracked 
| 234|0x00000000ef600000, 0x00000000ef600000, 0x00000000ef700000|  0%| F|  |TAMS 0x00000000ef600000, 0x00000000ef600000| Untracked 
| 235|0x00000000ef700000, 0x00000000ef700000, 0x00000000ef800000|  0%| F|  |TAMS 0x00000000ef700000, 0x00000000ef700000| Untracked 
| 236|0x00000000ef800000, 0x00000000ef800000, 0x00000000ef900000|  0%| F|  |TAMS 0x00000000ef800000, 0x00000000ef800000| Untracked 
| 237|0x00000000ef900000, 0x00000000ef900000, 0x00000000efa00000|  0%| F|  |TAMS 0x00000000ef900000, 0x00000000ef900000| Untracked 
| 238|0x00000000efa00000, 0x00000000efa00000, 0x00000000efb00000|  0%| F|  |TAMS 0x00000000efa00000, 0x00000000efa00000| Untracked 
| 239|0x00000000efb00000, 0x00000000efb00000, 0x00000000efc00000|  0%| F|  |TAMS 0x00000000efb00000, 0x00000000efb00000| Untracked 
| 240|0x00000000efc00000, 0x00000000efc00000, 0x00000000efd00000|  0%| F|  |TAMS 0x00000000efc00000, 0x00000000efc00000| Untracked 
| 241|0x00000000efd00000, 0x00000000efd00000, 0x00000000efe00000|  0%| F|  |TAMS 0x00000000efd00000, 0x00000000efd00000| Untracked 
| 242|0x00000000efe00000, 0x00000000efe00000, 0x00000000eff00000|  0%| F|  |TAMS 0x00000000efe00000, 0x00000000efe00000| Untracked 
| 243|0x00000000eff00000, 0x00000000eff00000, 0x00000000f0000000|  0%| F|  |TAMS 0x00000000eff00000, 0x00000000eff00000| Untracked 
| 244|0x00000000f0000000, 0x00000000f0000000, 0x00000000f0100000|  0%| F|  |TAMS 0x00000000f0000000, 0x00000000f0000000| Untracked 
| 245|0x00000000f0100000, 0x00000000f0100000, 0x00000000f0200000|  0%| F|  |TAMS 0x00000000f0100000, 0x00000000f0100000| Untracked 
| 246|0x00000000f0200000, 0x00000000f0200000, 0x00000000f0300000|  0%| F|  |TAMS 0x00000000f0200000, 0x00000000f0200000| Untracked 
| 247|0x00000000f0300000, 0x00000000f0300000, 0x00000000f0400000|  0%| F|  |TAMS 0x00000000f0300000, 0x00000000f0300000| Untracked 
| 248|0x00000000f0400000, 0x00000000f0400000, 0x00000000f0500000|  0%| F|  |TAMS 0x00000000f0400000, 0x00000000f0400000| Untracked 
| 249|0x00000000f0500000, 0x00000000f0500000, 0x00000000f0600000|  0%| F|  |TAMS 0x00000000f0500000, 0x00000000f0500000| Untracked 
| 250|0x00000000f0600000, 0x00000000f0600000, 0x00000000f0700000|  0%| F|  |TAMS 0x00000000f0600000, 0x00000000f0600000| Untracked 
| 251|0x00000000f0700000, 0x00000000f0700000, 0x00000000f0800000|  0%| F|  |TAMS 0x00000000f0700000, 0x00000000f0700000| Untracked 
| 252|0x00000000f0800000, 0x00000000f0800000, 0x00000000f0900000|  0%| F|  |TAMS 0x00000000f0800000, 0x00000000f0800000| Untracked 
| 253|0x00000000f0900000, 0x00000000f0900000, 0x00000000f0a00000|  0%| F|  |TAMS 0x00000000f0900000, 0x00000000f0900000| Untracked 
| 254|0x00000000f0a00000, 0x00000000f0a00000, 0x00000000f0b00000|  0%| F|  |TAMS 0x00000000f0a00000, 0x00000000f0a00000| Untracked 
| 255|0x00000000f0b00000, 0x00000000f0b00000, 0x00000000f0c00000|  0%| F|  |TAMS 0x00000000f0b00000, 0x00000000f0b00000| Untracked 
| 256|0x00000000f0c00000, 0x00000000f0c00000, 0x00000000f0d00000|  0%| F|  |TAMS 0x00000000f0c00000, 0x00000000f0c00000| Untracked 
| 257|0x00000000f0d00000, 0x00000000f0d00000, 0x00000000f0e00000|  0%| F|  |TAMS 0x00000000f0d00000, 0x00000000f0d00000| Untracked 
| 258|0x00000000f0e00000, 0x00000000f0e00000, 0x00000000f0f00000|  0%| F|  |TAMS 0x00000000f0e00000, 0x00000000f0e00000| Untracked 
| 259|0x00000000f0f00000, 0x00000000f0f00000, 0x00000000f1000000|  0%| F|  |TAMS 0x00000000f0f00000, 0x00000000f0f00000| Untracked 
| 260|0x00000000f1000000, 0x00000000f1000000, 0x00000000f1100000|  0%| F|  |TAMS 0x00000000f1000000, 0x00000000f1000000| Untracked 
| 261|0x00000000f1100000, 0x00000000f1100000, 0x00000000f1200000|  0%| F|  |TAMS 0x00000000f1100000, 0x00000000f1100000| Untracked 
| 262|0x00000000f1200000, 0x00000000f1200000, 0x00000000f1300000|  0%| F|  |TAMS 0x00000000f1200000, 0x00000000f1200000| Untracked 
| 263|0x00000000f1300000, 0x00000000f1300000, 0x00000000f1400000|  0%| F|  |TAMS 0x00000000f1300000, 0x00000000f1300000| Untracked 
| 264|0x00000000f1400000, 0x00000000f1400000, 0x00000000f1500000|  0%| F|  |TAMS 0x00000000f1400000, 0x00000000f1400000| Untracked 
| 265|0x00000000f1500000, 0x00000000f1500000, 0x00000000f1600000|  0%| F|  |TAMS 0x00000000f1500000, 0x00000000f1500000| Untracked 
| 266|0x00000000f1600000, 0x00000000f1600000, 0x00000000f1700000|  0%| F|  |TAMS 0x00000000f1600000, 0x00000000f1600000| Untracked 
| 267|0x00000000f1700000, 0x00000000f1700000, 0x00000000f1800000|  0%| F|  |TAMS 0x00000000f1700000, 0x00000000f1700000| Untracked 
| 268|0x00000000f1800000, 0x00000000f1800000, 0x00000000f1900000|  0%| F|  |TAMS 0x00000000f1800000, 0x00000000f1800000| Untracked 
| 269|0x00000000f1900000, 0x00000000f1900000, 0x00000000f1a00000|  0%| F|  |TAMS 0x00000000f1900000, 0x00000000f1900000| Untracked 
| 270|0x00000000f1a00000, 0x00000000f1a00000, 0x00000000f1b00000|  0%| F|  |TAMS 0x00000000f1a00000, 0x00000000f1a00000| Untracked 
| 271|0x00000000f1b00000, 0x00000000f1b00000, 0x00000000f1c00000|  0%| F|  |TAMS 0x00000000f1b00000, 0x00000000f1b00000| Untracked 
| 272|0x00000000f1c00000, 0x00000000f1c80000, 0x00000000f1d00000| 50%| S|CS|TAMS 0x00000000f1c00000, 0x00000000f1c00000| Complete 
| 273|0x00000000f1d00000, 0x00000000f1e00000, 0x00000000f1e00000|100%| S|CS|TAMS 0x00000000f1d00000, 0x00000000f1d00000| Complete 
| 274|0x00000000f1e00000, 0x00000000f1f00000, 0x00000000f1f00000|100%| S|CS|TAMS 0x00000000f1e00000, 0x00000000f1e00000| Complete 
| 275|0x00000000f1f00000, 0x00000000f2000000, 0x00000000f2000000|100%| S|CS|TAMS 0x00000000f1f00000, 0x00000000f1f00000| Complete 
| 276|0x00000000f2000000, 0x00000000f2100000, 0x00000000f2100000|100%| S|CS|TAMS 0x00000000f2000000, 0x00000000f2000000| Complete 
| 277|0x00000000f2100000, 0x00000000f2200000, 0x00000000f2200000|100%| S|CS|TAMS 0x00000000f2100000, 0x00000000f2100000| Complete 
| 278|0x00000000f2200000, 0x00000000f2300000, 0x00000000f2300000|100%| S|CS|TAMS 0x00000000f2200000, 0x00000000f2200000| Complete 
| 279|0x00000000f2300000, 0x00000000f2400000, 0x00000000f2400000|100%| S|CS|TAMS 0x00000000f2300000, 0x00000000f2300000| Complete 
| 280|0x00000000f2400000, 0x00000000f2500000, 0x00000000f2500000|100%| S|CS|TAMS 0x00000000f2400000, 0x00000000f2400000| Complete 
| 281|0x00000000f2500000, 0x00000000f2600000, 0x00000000f2600000|100%| S|CS|TAMS 0x00000000f2500000, 0x00000000f2500000| Complete 
| 282|0x00000000f2600000, 0x00000000f2700000, 0x00000000f2700000|100%| S|CS|TAMS 0x00000000f2600000, 0x00000000f2600000| Complete 
| 283|0x00000000f2700000, 0x00000000f2700000, 0x00000000f2800000|  0%| F|  |TAMS 0x00000000f2700000, 0x00000000f2700000| Untracked 
| 284|0x00000000f2800000, 0x00000000f2800000, 0x00000000f2900000|  0%| F|  |TAMS 0x00000000f2800000, 0x00000000f2800000| Untracked 
| 285|0x00000000f2900000, 0x00000000f2900000, 0x00000000f2a00000|  0%| F|  |TAMS 0x00000000f2900000, 0x00000000f2900000| Untracked 
| 286|0x00000000f2a00000, 0x00000000f2a00000, 0x00000000f2b00000|  0%| F|  |TAMS 0x00000000f2a00000, 0x00000000f2a00000| Untracked 
| 287|0x00000000f2b00000, 0x00000000f2b00000, 0x00000000f2c00000|  0%| F|  |TAMS 0x00000000f2b00000, 0x00000000f2b00000| Untracked 
| 288|0x00000000f2c00000, 0x00000000f2c00000, 0x00000000f2d00000|  0%| F|  |TAMS 0x00000000f2c00000, 0x00000000f2c00000| Untracked 
| 289|0x00000000f2d00000, 0x00000000f2d00000, 0x00000000f2e00000|  0%| F|  |TAMS 0x00000000f2d00000, 0x00000000f2d00000| Untracked 
| 290|0x00000000f2e00000, 0x00000000f2e00000, 0x00000000f2f00000|  0%| F|  |TAMS 0x00000000f2e00000, 0x00000000f2e00000| Untracked 
| 291|0x00000000f2f00000, 0x00000000f2f00000, 0x00000000f3000000|  0%| F|  |TAMS 0x00000000f2f00000, 0x00000000f2f00000| Untracked 
| 292|0x00000000f3000000, 0x00000000f3000000, 0x00000000f3100000|  0%| F|  |TAMS 0x00000000f3000000, 0x00000000f3000000| Untracked 
| 486|0x00000000ff200000, 0x00000000ff300000, 0x00000000ff300000|100%| O|  |TAMS 0x00000000ff300000, 0x00000000ff300000| Untracked 
| 487|0x00000000ff300000, 0x00000000ff400000, 0x00000000ff400000|100%| O|  |TAMS 0x00000000ff400000, 0x00000000ff400000| Untracked 
| 488|0x00000000ff400000, 0x00000000ff500000, 0x00000000ff500000|100%| O|  |TAMS 0x00000000ff500000, 0x00000000ff500000| Untracked 
| 489|0x00000000ff500000, 0x00000000ff600000, 0x00000000ff600000|100%| O|  |TAMS 0x00000000ff600000, 0x00000000ff600000| Untracked 
| 490|0x00000000ff600000, 0x00000000ff700000, 0x00000000ff700000|100%| O|  |TAMS 0x00000000ff700000, 0x00000000ff700000| Untracked 
| 491|0x00000000ff700000, 0x00000000ff800000, 0x00000000ff800000|100%| O|  |TAMS 0x00000000ff800000, 0x00000000ff800000| Untracked 
| 492|0x00000000ff800000, 0x00000000ff900000, 0x00000000ff900000|100%| O|  |TAMS 0x00000000ff900000, 0x00000000ff900000| Untracked 
| 493|0x00000000ff900000, 0x00000000ffa00000, 0x00000000ffa00000|100%| O|  |TAMS 0x00000000ffa00000, 0x00000000ffa00000| Untracked 
| 494|0x00000000ffa00000, 0x00000000ffb00000, 0x00000000ffb00000|100%| O|  |TAMS 0x00000000ffb00000, 0x00000000ffb00000| Untracked 
| 495|0x00000000ffb00000, 0x00000000ffc00000, 0x00000000ffc00000|100%| O|  |TAMS 0x00000000ffc00000, 0x00000000ffc00000| Untracked 
| 496|0x00000000ffc00000, 0x00000000ffd00000, 0x00000000ffd00000|100%| O|  |TAMS 0x00000000ffd00000, 0x00000000ffd00000| Untracked 
| 497|0x00000000ffd00000, 0x00000000ffe00000, 0x00000000ffe00000|100%| O|  |TAMS 0x00000000ffe00000, 0x00000000ffe00000| Untracked 
| 498|0x00000000ffe00000, 0x00000000ffe69000, 0x00000000fff00000| 41%|OA|  |TAMS 0x00000000ffe69000, 0x00000000ffe69000| Untracked 
| 499|0x00000000fff00000, 0x00000000fff71000, 0x0000000100000000| 44%|CA|  |TAMS 0x00000000fff71000, 0x00000000fff71000| Untracked 

Card table byte_map: [0x00007ff2ea8d6000,0x00007ff2ea9d0000] _byte_map_base: 0x00007ff2ea1d0000

Marking Bits (Prev, Next): (CMBitMap*) 0x00007ff2e4054900, (CMBitMap*) 0x00007ff2e4054940
 Prev Bits: [0x00007ff2ea00c000, 0x00007ff2ea7dc000)
 Next Bits: [0x00007ff2e983c000, 0x00007ff2ea00c000)

Polling page: 0x00007ff2ed9f0000

Metaspace:

Usage:
  Non-class:     79.41 MB used.
      Class:     10.50 MB used.
       Both:     89.90 MB used.

Virtual space:
  Non-class space:      128.00 MB reserved,      79.75 MB ( 62%) committed,  2 nodes.
      Class space:        1.00 GB reserved,      10.81 MB (  1%) committed,  1 nodes.
             Both:        1.12 GB reserved,      90.56 MB (  8%) committed. 

Chunk freelists:
   Non-Class:  15.47 MB
       Class:  5.12 MB
        Both:  20.59 MB

MaxMetaspaceSize: unlimited
CompressedClassSpaceSize: 1.00 GB
Initial GC threshold: 21.00 MB
Current GC threshold: 150.94 MB
CDS: on
MetaspaceReclaimPolicy: balanced
 - commit_granule_bytes: 65536.
 - commit_granule_words: 8192.
 - virtual_space_node_default_size: 8388608.
 - enlarge_chunks_in_place: 1.
 - new_chunks_are_fully_committed: 0.
 - uncommit_free_chunks: 1.
 - use_allocation_guard: 0.
 - handle_deallocations: 1.


Internal statistics:

num_allocs_failed_limit: 6.
num_arena_births: 816.
num_arena_deaths: 0.
num_vsnodes_births: 3.
num_vsnodes_deaths: 0.
num_space_committed: 1449.
num_space_uncommitted: 0.
num_chunks_returned_to_freelist: 6.
num_chunks_taken_from_freelist: 4131.
num_chunk_merges: 6.
num_chunk_splits: 3056.
num_chunks_enlarged: 2395.
num_inconsistent_stats: 0.

CodeHeap 'non-profiled nmethods': size=120036Kb used=4554Kb max_used=4799Kb free=115481Kb
 bounds [0x00007ff2d7a74000, 0x00007ff2d7f24000, 0x00007ff2defad000]
CodeHeap 'profiled nmethods': size=120032Kb used=15761Kb max_used=18078Kb free=104270Kb
 bounds [0x00007ff2cffad000, 0x00007ff2d115d000, 0x00007ff2d74e5000]
CodeHeap 'non-nmethods': size=5692Kb used=1362Kb max_used=1403Kb free=4329Kb
 bounds [0x00007ff2d74e5000, 0x00007ff2d7755000, 0x00007ff2d7a74000]
 total_blobs=8930 nmethods=8226 adapters=616
 compilation: enabled
              stopped_count=0, restarted_count=0
 full_count=0

Compilation events (20 events):
Event: 69.505 Thread 0x00007ff2e40af270 10200 %     4       com.google.B.D.D::B @ 23 (294 bytes)
Event: 69.675 Thread 0x00007ff2e40af270 nmethod 10200% 0x00007ff2d7de3510 code [0x00007ff2d7de37a0, 0x00007ff2d7de6190]
Event: 69.679 Thread 0x00007ff2e40af270 10201       4       com.google.B.D.D::B (294 bytes)
Event: 69.867 Thread 0x00007ff2e40af270 nmethod 10201 0x00007ff2d7b9e190 code [0x00007ff2d7b9e420, 0x00007ff2d7ba0e10]
Event: 69.989 Thread 0x00007ff2e40af270 10202   !   4       java.util.EnumSet::clone (18 bytes)
Event: 69.998 Thread 0x00007ff2e40af270 nmethod 10202 0x00007ff2d7b87e90 code [0x00007ff2d7b88020, 0x00007ff2d7b881a8]
Event: 70.016 Thread 0x00007ff2e40b07b0 10206 %     3       java.util.ArrayList::forEach @ 24 (74 bytes)
Event: 70.023 Thread 0x00007ff2e40b07b0 nmethod 10206% 0x00007ff2d0005690 code [0x00007ff2d00058a0, 0x00007ff2d0005f20]
Event: 70.058 Thread 0x00007ff2e40b07b0 10209       3       java.util.ArrayList::forEach (74 bytes)
Event: 70.061 Thread 0x00007ff2e40b07b0 nmethod 10209 0x00007ff2d0768810 code [0x00007ff2d0768a20, 0x00007ff2d0769020]
Event: 70.062 Thread 0x00007ff2e40b07b0 10210       3       java.util.ArrayList::elementAt (4 bytes)
Event: 70.062 Thread 0x00007ff2e40b07b0 nmethod 10210 0x00007ff2d005c810 code [0x00007ff2d005c9a0, 0x00007ff2d005cab0]
Event: 70.149 Thread 0x00007ff2e40b07b0 10213 %     3       java.util.LinkedHashMap::forEach @ 22 (65 bytes)
Event: 70.149 Thread 0x00007ff2e40b07b0 nmethod 10213% 0x00007ff2d04cac90 code [0x00007ff2d04cae80, 0x00007ff2d04cb3c0]
Event: 70.149 Thread 0x00007ff2e40b07b0 10214       3       java.util.LinkedHashMap::forEach (65 bytes)
Event: 70.150 Thread 0x00007ff2e40b07b0 nmethod 10214 0x00007ff2d0084e90 code [0x00007ff2d0085080, 0x00007ff2d0085540]
Event: 70.183 Thread 0x00007ff2e40b07b0 10216       2       com.sonar.security.config.C.A::A (33 bytes)
Event: 70.282 Thread 0x00007ff2e40af270 10203       4       java.util.RegularEnumSet::complement (40 bytes)
Event: 70.395 Thread 0x00007ff2e40af270 nmethod 10203 0x00007ff2d7ca6e10 code [0x00007ff2d7ca6fa0, 0x00007ff2d7ca7058]
Event: 70.395 Thread 0x00007ff2e40af270 10229       4       java.util.Collection::stream (11 bytes)

GC Heap History (20 events):
Event: 61.486 GC heap after
{Heap after GC invocations=43 (full 0):
 garbage-first heap   total 211968K, used 76145K [0x00000000e0c00000, 0x0000000100000000)
  region size 1024K, 8 young (8192K), 8 survivors (8192K)
 Metaspace       used 79997K, committed 80576K, reserved 1179648K
  class space    used 9210K, committed 9536K, reserved 1048576K
}
Event: 66.006 GC heap before
{Heap before GC invocations=44 (full 0):
 garbage-first heap   total 211968K, used 163185K [0x00000000e0c00000, 0x0000000100000000)
  region size 1024K, 91 young (93184K), 8 survivors (8192K)
 Metaspace       used 91152K, committed 91840K, reserved 1179648K
  class space    used 10632K, committed 11008K, reserved 1048576K
}
Event: 66.038 GC heap after
{Heap after GC invocations=45 (full 0):
 garbage-first heap   total 211968K, used 83911K [0x00000000e0c00000, 0x0000000100000000)
  region size 1024K, 11 young (11264K), 11 survivors (11264K)
 Metaspace       used 91152K, committed 91840K, reserved 1179648K
  class space    used 10632K, committed 11008K, reserved 1048576K
}
Event: 66.110 GC heap before
{Heap before GC invocations=45 (full 0):
 garbage-first heap   total 211968K, used 84935K [0x00000000e0c00000, 0x0000000100000000)
  region size 1024K, 12 young (12288K), 11 survivors (11264K)
 Metaspace       used 91370K, committed 92032K, reserved 1179648K
  class space    used 10668K, committed 11008K, reserved 1048576K
}
Event: 66.135 GC heap after
{Heap after GC invocations=46 (full 0):
 garbage-first heap   total 211968K, used 84220K [0x00000000e0c00000, 0x0000000100000000)
  region size 1024K, 1 young (1024K), 1 survivors (1024K)
 Metaspace       used 91370K, committed 92032K, reserved 1179648K
  class space    used 10668K, committed 11008K, reserved 1048576K
}
Event: 67.087 GC heap before
{Heap before GC invocations=46 (full 0):
 garbage-first heap   total 211968K, used 165116K [0x00000000e0c00000, 0x0000000100000000)
  region size 1024K, 38 young (38912K), 1 survivors (1024K)
 Metaspace       used 92056K, committed 92736K, reserved 1179648K
  class space    used 10747K, committed 11072K, reserved 1048576K
}
Event: 67.095 GC heap after
{Heap after GC invocations=47 (full 0):
 garbage-first heap   total 211968K, used 109166K [0x00000000e0c00000, 0x0000000100000000)
  region size 1024K, 5 young (5120K), 5 survivors (5120K)
 Metaspace       used 92056K, committed 92736K, reserved 1179648K
  class space    used 10747K, committed 11072K, reserved 1048576K
}
Event: 67.119 GC heap before
{Heap before GC invocations=47 (full 0):
 garbage-first heap   total 211968K, used 142958K [0x00000000e0c00000, 0x0000000100000000)
  region size 1024K, 6 young (6144K), 5 survivors (5120K)
 Metaspace       used 92056K, committed 92736K, reserved 1179648K
  class space    used 10747K, committed 11072K, reserved 1048576K
}
Event: 67.126 GC heap after
{Heap after GC invocations=48 (full 0):
 garbage-first heap   total 211968K, used 122809K [0x00000000e0c00000, 0x0000000100000000)
  region size 1024K, 2 young (2048K), 2 survivors (2048K)
 Metaspace       used 92056K, committed 92736K, reserved 1179648K
  class space    used 10747K, committed 11072K, reserved 1048576K
}
Event: 67.630 GC heap before
{Heap before GC invocations=48 (full 0):
 garbage-first heap   total 314368K, used 191417K [0x00000000e0c00000, 0x0000000100000000)
  region size 1024K, 51 young (52224K), 2 survivors (2048K)
 Metaspace       used 92059K, committed 92736K, reserved 1179648K
  class space    used 10747K, committed 11072K, reserved 1048576K
}
Event: 67.655 GC heap after
{Heap after GC invocations=49 (full 0):
 garbage-first heap   total 314368K, used 106748K [0x00000000e0c00000, 0x0000000100000000)
  region size 1024K, 5 young (5120K), 5 survivors (5120K)
 Metaspace       used 92059K, committed 92736K, reserved 1179648K
  class space    used 10747K, committed 11072K, reserved 1048576K
}
Event: 69.217 GC heap before
{Heap before GC invocations=50 (full 0):
 garbage-first heap   total 314368K, used 257276K [0x00000000e0c00000, 0x0000000100000000)
  region size 1024K, 152 young (155648K), 5 survivors (5120K)
 Metaspace       used 92059K, committed 92736K, reserved 1179648K
  class space    used 10747K, committed 11072K, reserved 1048576K
}
Event: 69.317 GC heap after
{Heap after GC invocations=51 (full 0):
 garbage-first heap   total 314368K, used 116988K [0x00000000e0c00000, 0x0000000100000000)
  region size 1024K, 15 young (15360K), 15 survivors (15360K)
 Metaspace       used 92059K, committed 92736K, reserved 1179648K
  class space    used 10747K, committed 11072K, reserved 1048576K
}
Event: 69.319 GC heap before
{Heap before GC invocations=51 (full 0):
 garbage-first heap   total 314368K, used 118012K [0x00000000e0c00000, 0x0000000100000000)
  region size 1024K, 16 young (16384K), 15 survivors (15360K)
 Metaspace       used 92059K, committed 92736K, reserved 1179648K
  class space    used 10747K, committed 11072K, reserved 1048576K
}
Event: 69.371 GC heap after
{Heap after GC invocations=52 (full 0):
 garbage-first heap   total 314368K, used 117880K [0x00000000e0c00000, 0x0000000100000000)
  region size 1024K, 1 young (1024K), 1 survivors (1024K)
 Metaspace       used 92059K, committed 92736K, reserved 1179648K
  class space    used 10747K, committed 11072K, reserved 1048576K
}
Event: 69.768 GC heap before
{Heap before GC invocations=52 (full 0):
 garbage-first heap   total 314368K, used 248952K [0x00000000e0c00000, 0x0000000100000000)
  region size 1024K, 129 young (132096K), 1 survivors (1024K)
 Metaspace       used 92059K, committed 92736K, reserved 1179648K
  class space    used 10747K, committed 11072K, reserved 1048576K
}
Event: 69.861 GC heap after
{Heap after GC invocations=53 (full 0):
 garbage-first heap   total 314368K, used 127001K [0x00000000e0c00000, 0x0000000100000000)
  region size 1024K, 10 young (10240K), 10 survivors (10240K)
 Metaspace       used 92059K, committed 92736K, reserved 1179648K
  class space    used 10747K, committed 11072K, reserved 1048576K
}
Event: 70.283 GC heap before
{Heap before GC invocations=53 (full 0):
 garbage-first heap   total 314368K, used 253977K [0x00000000e0c00000, 0x0000000100000000)
  region size 1024K, 132 young (135168K), 10 survivors (10240K)
 Metaspace       used 92059K, committed 92736K, reserved 1179648K
  class space    used 10747K, committed 11072K, reserved 1048576K
}
Event: 70.389 GC heap after
{Heap after GC invocations=54 (full 0):
 garbage-first heap   total 314368K, used 153108K [0x00000000e0c00000, 0x0000000100000000)
  region size 1024K, 17 young (17408K), 17 survivors (17408K)
 Metaspace       used 92059K, committed 92736K, reserved 1179648K
  class space    used 10747K, committed 11072K, reserved 1048576K
}
Event: 70.468 GC heap before
{Heap before GC invocations=54 (full 0):
 garbage-first heap   total 314368K, used 162324K [0x00000000e0c00000, 0x0000000100000000)
  region size 1024K, 27 young (27648K), 17 survivors (17408K)
 Metaspace       used 92059K, committed 92736K, reserved 1179648K
  class space    used 10747K, committed 11072K, reserved 1048576K
}

Dll operation events (12 events):
Event: 0.003 Loaded shared library /home/vagrant/.sonar/cache/bcb1b7b8ad68c93093f09b591b7cb17161d39891f7d29d33a586f5a328603707/OpenJDK17U-jre_x64_linux_hotspot_17.0.11_9.tar.gz_extracted/jdk-17.0.11+9-jre/lib/libjava.so
Event: 0.060 Loaded shared library /home/vagrant/.sonar/cache/bcb1b7b8ad68c93093f09b591b7cb17161d39891f7d29d33a586f5a328603707/OpenJDK17U-jre_x64_linux_hotspot_17.0.11_9.tar.gz_extracted/jdk-17.0.11+9-jre/lib/libjsvml.so
Event: 0.109 Loaded shared library /home/vagrant/.sonar/cache/bcb1b7b8ad68c93093f09b591b7cb17161d39891f7d29d33a586f5a328603707/OpenJDK17U-jre_x64_linux_hotspot_17.0.11_9.tar.gz_extracted/jdk-17.0.11+9-jre/lib/libnio.so
Event: 0.186 Loaded shared library /home/vagrant/.sonar/cache/bcb1b7b8ad68c93093f09b591b7cb17161d39891f7d29d33a586f5a328603707/OpenJDK17U-jre_x64_linux_hotspot_17.0.11_9.tar.gz_extracted/jdk-17.0.11+9-jre/lib/libzip.so
Event: 0.263 Loaded shared library /home/vagrant/.sonar/cache/bcb1b7b8ad68c93093f09b591b7cb17161d39891f7d29d33a586f5a328603707/OpenJDK17U-jre_x64_linux_hotspot_17.0.11_9.tar.gz_extracted/jdk-17.0.11+9-jre/lib/libjimage.so
Event: 0.341 Loaded shared library /home/vagrant/.sonar/cache/bcb1b7b8ad68c93093f09b591b7cb17161d39891f7d29d33a586f5a328603707/OpenJDK17U-jre_x64_linux_hotspot_17.0.11_9.tar.gz_extracted/jdk-17.0.11+9-jre/lib/libnet.so
Event: 1.968 Loaded shared library /home/vagrant/.sonar/cache/bcb1b7b8ad68c93093f09b591b7cb17161d39891f7d29d33a586f5a328603707/OpenJDK17U-jre_x64_linux_hotspot_17.0.11_9.tar.gz_extracted/jdk-17.0.11+9-jre/lib/libverify.so
Event: 4.161 Loaded shared library /home/vagrant/.sonar/cache/bcb1b7b8ad68c93093f09b591b7cb17161d39891f7d29d33a586f5a328603707/OpenJDK17U-jre_x64_linux_hotspot_17.0.11_9.tar.gz_extracted/jdk-17.0.11+9-jre/lib/libextnet.so
Event: 50.207 Loaded shared library /home/vagrant/.tree-sitter/lib/x86_64-linux-gnu-tree-sitter.so
Event: 50.241 Loaded shared library /home/vagrant/.tree-sitter/lib/x86_64-linux-gnu-tree-sitter-bash.so
Event: 63.246 Loaded shared library /home/vagrant/.sonar/cache/bcb1b7b8ad68c93093f09b591b7cb17161d39891f7d29d33a586f5a328603707/OpenJDK17U-jre_x64_linux_hotspot_17.0.11_9.tar.gz_extracted/jdk-17.0.11+9-jre/lib/libmanagement.so
Event: 63.258 Loaded shared library /home/vagrant/.sonar/cache/bcb1b7b8ad68c93093f09b591b7cb17161d39891f7d29d33a586f5a328603707/OpenJDK17U-jre_x64_linux_hotspot_17.0.11_9.tar.gz_extracted/jdk-17.0.11+9-jre/lib/libmanagement_ext.so

Deoptimization events (20 events):
Event: 69.864 Thread 0x00007ff2e40274b0 DEOPT PACKING pc=0x00007ff2d0040eff sp=0x00007ff2ed9e61f0
Event: 69.864 Thread 0x00007ff2e40274b0 DEOPT UNPACKING pc=0x00007ff2d753be10 sp=0x00007ff2ed9e56f8 mode 0
Event: 69.865 Thread 0x00007ff2e40274b0 DEOPT PACKING pc=0x00007ff2d0040eff sp=0x00007ff2ed9e61f0
Event: 69.865 Thread 0x00007ff2e40274b0 DEOPT UNPACKING pc=0x00007ff2d753be10 sp=0x00007ff2ed9e56f8 mode 0
Event: 69.865 Thread 0x00007ff2e40274b0 DEOPT PACKING pc=0x00007ff2d0040eff sp=0x00007ff2ed9e61f0
Event: 69.865 Thread 0x00007ff2e40274b0 DEOPT UNPACKING pc=0x00007ff2d753be10 sp=0x00007ff2ed9e56f8 mode 0
Event: 69.866 Thread 0x00007ff2e40274b0 DEOPT PACKING pc=0x00007ff2d0040eff sp=0x00007ff2ed9e61f0
Event: 69.866 Thread 0x00007ff2e40274b0 DEOPT UNPACKING pc=0x00007ff2d753be10 sp=0x00007ff2ed9e56f8 mode 0
Event: 69.866 Thread 0x00007ff2e40274b0 DEOPT PACKING pc=0x00007ff2d0040eff sp=0x00007ff2ed9e61f0
Event: 69.866 Thread 0x00007ff2e40274b0 DEOPT UNPACKING pc=0x00007ff2d753be10 sp=0x00007ff2ed9e56f8 mode 0
Event: 69.866 Thread 0x00007ff2e40274b0 DEOPT PACKING pc=0x00007ff2d0040eff sp=0x00007ff2ed9e61f0
Event: 69.866 Thread 0x00007ff2e40274b0 DEOPT UNPACKING pc=0x00007ff2d753be10 sp=0x00007ff2ed9e56f8 mode 0
Event: 69.985 Thread 0x00007ff2e40274b0 Uncommon trap: trap_request=0xffffff45 fr.pc=0x00007ff2d7cf2388 relative=0x00000000000007a8
Event: 69.985 Thread 0x00007ff2e40274b0 Uncommon trap: reason=unstable_if action=reinterpret pc=0x00007ff2d7cf2388 method=java.io.StringReader.read([CII)I @ 37 c2
Event: 69.985 Thread 0x00007ff2e40274b0 DEOPT PACKING pc=0x00007ff2d7cf2388 sp=0x00007ff2ed9e65e0
Event: 69.985 Thread 0x00007ff2e40274b0 DEOPT UNPACKING pc=0x00007ff2d753b693 sp=0x00007ff2ed9e6518 mode 2
Event: 70.062 Thread 0x00007ff2e40274b0 DEOPT PACKING pc=0x00007ff2d093a66b sp=0x00007ff2ed9e69f0
Event: 70.062 Thread 0x00007ff2e40274b0 DEOPT UNPACKING pc=0x00007ff2d753be10 sp=0x00007ff2ed9e5ee8 mode 0
Event: 70.150 Thread 0x00007ff2e40274b0 DEOPT PACKING pc=0x00007ff2d09a27a8 sp=0x00007ff2ed9e6a90
Event: 70.150 Thread 0x00007ff2e40274b0 DEOPT UNPACKING pc=0x00007ff2d753be10 sp=0x00007ff2ed9e5f78 mode 0

Classes unloaded (0 events):
No events

Classes redefined (0 events):
No events

Internal exceptions (20 events):
Event: 60.440 Thread 0x00007ff2e40274b0 Exception <a 'java/lang/NoSuchMethodError'{0x00000000ebd00540}: 'java.lang.Object java.lang.invoke.DirectMethodHandle$Holder.invokeVirtual(java.lang.Object, java.lang.Object, int)'> (0x00000000ebd00540) 
thrown [src/hotspot/share/interpreter/linkResolver.cpp, line 758]
Event: 61.867 Thread 0x00007ff2e40274b0 Exception <a 'java/lang/NoSuchMethodError'{0x00000000ec9af258}: 'java.lang.Object java.lang.invoke.DirectMethodHandle$Holder.invokeSpecial(java.lang.Object, java.lang.Object, java.lang.Object, java.lang.Object, java.lang.Object, java.lang.Object, java.lang.Object, java.lang.Object, java.lang.Object, java.lang.Object, java.lang.Object)'> (0x00000000ec9af258) 
thrown [src/hotspot/share/interpreter/linkResolver.cpp, line 758]
Event: 61.868 Thread 0x00007ff2e40274b0 Exception <a 'java/lang/NoSuchMethodError'{0x00000000ec9b3cd0}: 'java.lang.Object java.lang.invoke.Invokers$Holder.invoke_MT(java.lang.Object, java.lang.Object, java.lang.Object, java.lang.Object, java.lang.Object, java.lang.Object, java.lang.Object, java.lang.Object, java.lang.Object, java.lang.Object, java.lang.Object)'> (0x00000000ec9b3cd0) 
thrown [src/hotspot/share/interpreter/linkResolver.cpp, line 758]
Event: 61.888 Thread 0x00007ff2e40274b0 Exception <a 'java/lang/NoSuchMethodError'{0x00000000ec9f65b8}: 'java.lang.Object java.lang.invoke.DirectMethodHandle$Holder.invokeSpecial(java.lang.Object, java.lang.Object, java.lang.Object, java.lang.Object, java.lang.Object, java.lang.Object, java.lang.Object, java.lang.Object, java.lang.Object, java.lang.Object, java.lang.Object, java.lang.Object)'> (0x00000000ec9f65b8) 
thrown [src/hotspot/share/interpreter/linkResolver.cpp, line 758]
Event: 61.892 Thread 0x00007ff2e40274b0 Exception <a 'java/lang/NoSuchMethodError'{0x00000000ec9fb210}: 'java.lang.Object java.lang.invoke.Invokers$Holder.invoker(java.lang.Object, java.lang.Object, java.lang.Object, java.lang.Object, java.lang.Object, java.lang.Object, java.lang.Object, java.lang.Object, java.lang.Object, java.lang.Object, java.lang.Object, java.lang.Object)'> (0x00000000ec9fb210) 
thrown [src/hotspot/share/interpreter/linkResolver.cpp, line 758]
Event: 61.892 Thread 0x00007ff2e40274b0 Exception <a 'java/lang/NoSuchMethodError'{0x00000000ec8013e8}: 'java.lang.Object java.lang.invoke.DirectMethodHandle$Holder.invokeSpecial(java.lang.Object, java.lang.Object, java.lang.Object, java.lang.Object, java.lang.Object, java.lang.Object, java.lang.Object, java.lang.Object, java.lang.Object, java.lang.Object, java.lang.Object, java.lang.Object, java.lang.Object)'> (0x00000000ec8013e8) 
thrown [src/hotspot/share/interpreter/linkResolver.cpp, line 758]
Event: 61.895 Thread 0x00007ff2e40274b0 Exception <a 'java/lang/NoSuchMethodError'{0x00000000ec80bee0}: 'int java.lang.invoke.DirectMethodHandle$Holder.invokeSpecial(java.lang.Object, java.lang.Object, int)'> (0x00000000ec80bee0) 
thrown [src/hotspot/share/interpreter/linkResolver.cpp, line 758]
Event: 61.905 Thread 0x00007ff2e40274b0 Exception <a 'java/lang/NoSuchMethodError'{0x00000000ec8304f0}: 'java.lang.Object java.lang.invoke.DirectMethodHandle$Holder.invokeSpecial(java.lang.Object, java.lang.Object, java.lang.Object, java.lang.Object, java.lang.Object, java.lang.Object, java.lang.Object, java.lang.Object, java.lang.Object, java.lang.Object)'> (0x00000000ec8304f0) 
thrown [src/hotspot/share/interpreter/linkResolver.cpp, line 758]
Event: 61.905 Thread 0x00007ff2e40274b0 Exception <a 'java/lang/NoSuchMethodError'{0x00000000ec8349f8}: 'java.lang.Object java.lang.invoke.Invokers$Holder.invoke_MT(java.lang.Object, java.lang.Object, java.lang.Object, java.lang.Object, java.lang.Object, java.lang.Object, java.lang.Object, java.lang.Object, java.lang.Object, java.lang.Object)'> (0x00000000ec8349f8) 
thrown [src/hotspot/share/interpreter/linkResolver.cpp, line 758]
Event: 61.924 Thread 0x00007ff2e40274b0 Exception <a 'java/lang/NoSuchMethodError'{0x00000000ec87c900}: 'java.lang.Object java.lang.invoke.Invokers$Holder.invoker(java.lang.Object, java.lang.Object, java.lang.Object, java.lang.Object, java.lang.Object, java.lang.Object, java.lang.Object, java.lang.Object, java.lang.Object, java.lang.Object, java.lang.Object, java.lang.Object, java.lang.Object)'> (0x00000000ec87c900) 
thrown [src/hotspot/share/interpreter/linkResolver.cpp, line 758]
Event: 61.924 Thread 0x00007ff2e40274b0 Exception <a 'java/lang/NoSuchMethodError'{0x00000000ec882968}: 'java.lang.Object java.lang.invoke.DirectMethodHandle$Holder.invokeSpecial(java.lang.Object, java.lang.Object, java.lang.Object, java.lang.Object, java.lang.Object, java.lang.Object, java.lang.Object, java.lang.Object, java.lang.Object, java.lang.Object, java.lang.Object, java.lang.Object, java.lang.Object, java.lang.Object)'> (0x00000000ec882968) 
thrown [src/hotspot/share/interpreter/linkResolver.cpp, line 758]
Event: 62.368 Thread 0x00007ff2e40274b0 Exception <a 'java/lang/NoSuchMethodError'{0x00000000ec279078}: 'int java.lang.invoke.DelegatingMethodHandle$Holder.reinvoke_L(java.lang.Object, long)'> (0x00000000ec279078) 
thrown [src/hotspot/share/interpreter/linkResolver.cpp, line 758]
Event: 62.627 Thread 0x00007ff2e40274b0 Exception <a 'java/lang/NoSuchMethodError'{0x00000000ebef90c0}: 'int java.lang.invoke.DelegatingMethodHandle$Holder.reinvoke_L(java.lang.Object, long, long)'> (0x00000000ebef90c0) 
thrown [src/hotspot/share/interpreter/linkResolver.cpp, line 758]
Event: 63.217 Thread 0x00007ff2e40274b0 Exception <a 'sun/nio/fs/UnixException'{0x00000000eb218530}> (0x00000000eb218530) 
thrown [src/hotspot/share/prims/jni.cpp, line 516]
Event: 63.218 Thread 0x00007ff2e40274b0 Exception <a 'sun/nio/fs/UnixException'{0x00000000eb21e730}> (0x00000000eb21e730) 
thrown [src/hotspot/share/prims/jni.cpp, line 516]
Event: 64.740 Thread 0x00007ff2e40274b0 Implicit null exception at 0x00007ff2d7b082b3 to 0x00007ff2d7b083b4
Event: 65.196 Thread 0x00007ff2e40274b0 Exception <a 'java/lang/IncompatibleClassChangeError'{0x00000000e7f3f5b0}: Found class java.lang.Object, but interface was expected> (0x00000000e7f3f5b0) 
thrown [src/hotspot/share/interpreter/linkResolver.cpp, line 826]
Event: 65.278 Thread 0x00007ff2e4e03290 Exception <a 'java/lang/InterruptedException'{0x00000000e7e011b0}: sleep interrupted> (0x00000000e7e011b0) 
thrown [src/hotspot/share/prims/jvm.cpp, line 3064]
Event: 66.545 Thread 0x00007ff2e40274b0 Exception <a 'java/lang/NoSuchMethodError'{0x00000000eb755ef8}: 'java.lang.Object java.lang.invoke.DirectMethodHandle$Holder.newInvokeSpecial(java.lang.Object, java.lang.Object, java.lang.Object, java.lang.Object, java.lang.Object, java.lang.Object, java.lang.Object, java.lang.Object)'> (0x00000000eb755ef8) 
thrown [src/hotspot/share/interpreter/linkResolver.cpp, line 758]
Event: 66.546 Thread 0x00007ff2e40274b0 Exception <a 'java/lang/NoSuchMethodError'{0x00000000eb75a510}: 'java.lang.Object java.lang.invoke.Invokers$Holder.linkToTargetMethod(java.lang.Object, java.lang.Object, java.lang.Object, java.lang.Object, java.lang.Object, java.lang.Object, java.lang.Object, java.lang.Object)'> (0x00000000eb75a510) 
thrown [src/hotspot/share/interpreter/linkResolver.cpp, line 758]

VM Operations (20 events):
Event: 67.095 Executing VM operation: G1CollectForAllocation done
Event: 67.119 Executing VM operation: G1TryInitiateConcMark
Event: 67.126 Executing VM operation: G1TryInitiateConcMark done
Event: 67.495 Executing VM operation: G1PauseRemark
Event: 67.517 Executing VM operation: G1PauseRemark done
Event: 67.629 Executing VM operation: G1CollectForAllocation
Event: 67.655 Executing VM operation: G1CollectForAllocation done
Event: 67.793 Executing VM operation: G1PauseCleanup
Event: 67.794 Executing VM operation: G1PauseCleanup done
Event: 68.840 Executing VM operation: Cleanup
Event: 68.856 Executing VM operation: Cleanup done
Event: 69.217 Executing VM operation: G1CollectForAllocation
Event: 69.317 Executing VM operation: G1CollectForAllocation done
Event: 69.319 Executing VM operation: G1CollectForAllocation
Event: 69.371 Executing VM operation: G1CollectForAllocation done
Event: 69.768 Executing VM operation: G1CollectForAllocation
Event: 69.861 Executing VM operation: G1CollectForAllocation done
Event: 70.275 Executing VM operation: G1CollectForAllocation
Event: 70.389 Executing VM operation: G1CollectForAllocation done
Event: 70.464 Executing VM operation: G1TryInitiateConcMark

Events (20 events):
Event: 67.048 Thread 0x00007ff2e40b1c30 flushing nmethod 0x00007ff2d10bdd10
Event: 67.048 Thread 0x00007ff2e40b1c30 flushing nmethod 0x00007ff2d10be090
Event: 67.048 Thread 0x00007ff2e40b1c30 flushing nmethod 0x00007ff2d10c4510
Event: 67.048 Thread 0x00007ff2e40b1c30 flushing nmethod 0x00007ff2d10c7090
Event: 67.048 Thread 0x00007ff2e40b1c30 flushing nmethod 0x00007ff2d10c7410
Event: 67.048 Thread 0x00007ff2e40b1c30 flushing nmethod 0x00007ff2d10c8290
Event: 67.048 Thread 0x00007ff2e40b1c30 flushing nmethod 0x00007ff2d10c8d10
Event: 67.048 Thread 0x00007ff2e40b1c30 flushing nmethod 0x00007ff2d10cad10
Event: 67.048 Thread 0x00007ff2e40b1c30 flushing nmethod 0x00007ff2d10cb590
Event: 67.048 Thread 0x00007ff2e40b1c30 flushing nmethod 0x00007ff2d10cbe90
Event: 67.048 Thread 0x00007ff2e40b1c30 flushing nmethod 0x00007ff2d10cc690
Event: 67.048 Thread 0x00007ff2e40b1c30 flushing nmethod 0x00007ff2d10ccf10
Event: 67.048 Thread 0x00007ff2e40b1c30 flushing nmethod 0x00007ff2d10cd390
Event: 67.048 Thread 0x00007ff2e40b1c30 flushing nmethod 0x00007ff2d10cd710
Event: 67.048 Thread 0x00007ff2e40b1c30 flushing nmethod 0x00007ff2d10cdd10
Event: 67.048 Thread 0x00007ff2e40b1c30 flushing nmethod 0x00007ff2d10ce190
Event: 67.048 Thread 0x00007ff2e40b1c30 flushing nmethod 0x00007ff2d10d0290
Event: 67.048 Thread 0x00007ff2e40b1c30 flushing nmethod 0x00007ff2d10d0610
Event: 67.048 Thread 0x00007ff2e40b1c30 flushing nmethod 0x00007ff2d10d1090
Event: 67.048 Thread 0x00007ff2e40b1c30 flushing nmethod 0x00007ff2d10dec90


Dynamic libraries:
e0c00000-f3100000 rw-p 00000000 00:00 0 
f7f00000-ff200000 ---p 00000000 00:00 0 
ff200000-ffe00000 rw-p 00000000 00:00 0 
ffe00000-ffe69000 rw-p 00b01000 08:01 1831204                            /home/vagrant/.sonar/cache/bcb1b7b8ad68c93093f09b591b7cb17161d39891f7d29d33a586f5a328603707/OpenJDK17U-jre_x64_linux_hotspot_17.0.11_9.tar.gz_extracted/jdk-17.0.11+9-jre/lib/server/classes.jsa
ffe69000-fff00000 rw-p 00000000 00:00 0 
fff00000-fff71000 rw-p 00a90000 08:01 1831204                            /home/vagrant/.sonar/cache/bcb1b7b8ad68c93093f09b591b7cb17161d39891f7d29d33a586f5a328603707/OpenJDK17U-jre_x64_linux_hotspot_17.0.11_9.tar.gz_extracted/jdk-17.0.11+9-jre/lib/server/classes.jsa
fff71000-100000000 rw-p 00000000 00:00 0 
561b85434000-561b85435000 r--p 00000000 08:01 1833551                    /home/vagrant/.sonar/cache/bcb1b7b8ad68c93093f09b591b7cb17161d39891f7d29d33a586f5a328603707/OpenJDK17U-jre_x64_linux_hotspot_17.0.11_9.tar.gz_extracted/jdk-17.0.11+9-jre/bin/java
561b85435000-561b85436000 r-xp 00001000 08:01 1833551                    /home/vagrant/.sonar/cache/bcb1b7b8ad68c93093f09b591b7cb17161d39891f7d29d33a586f5a328603707/OpenJDK17U-jre_x64_linux_hotspot_17.0.11_9.tar.gz_extracted/jdk-17.0.11+9-jre/bin/java
561b85436000-561b85437000 r--p 00002000 08:01 1833551                    /home/vagrant/.sonar/cache/bcb1b7b8ad68c93093f09b591b7cb17161d39891f7d29d33a586f5a328603707/OpenJDK17U-jre_x64_linux_hotspot_17.0.11_9.tar.gz_extracted/jdk-17.0.11+9-jre/bin/java
561b85437000-561b85438000 r--p 00002000 08:01 1833551                    /home/vagrant/.sonar/cache/bcb1b7b8ad68c93093f09b591b7cb17161d39891f7d29d33a586f5a328603707/OpenJDK17U-jre_x64_linux_hotspot_17.0.11_9.tar.gz_extracted/jdk-17.0.11+9-jre/bin/java
561b85438000-561b85439000 rw-p 00003000 08:01 1833551                    /home/vagrant/.sonar/cache/bcb1b7b8ad68c93093f09b591b7cb17161d39891f7d29d33a586f5a328603707/OpenJDK17U-jre_x64_linux_hotspot_17.0.11_9.tar.gz_extracted/jdk-17.0.11+9-jre/bin/java
561b86731000-561b86799000 rw-p 00000000 00:00 0                          [heap]
7ff23f000000-7ff23f180000 rw-p 00000000 00:00 0 
7ff23f180000-7ff23f200000 rw-p 00000000 00:00 0 
7ff23f200000-7ff23fd00000 rw-p 00000000 00:00 0 
7ff23fd00000-7ff23fd30000 rw-p 00000000 00:00 0 
7ff23fd30000-7ff23fe00000 ---p 00000000 00:00 0 
7ff23fe00000-7ff240090000 rw-p 00000000 00:00 0 
7ff240090000-7ff243000000 ---p 00000000 00:00 0 
7ff2437f5000-7ff24c000000 r--s 00000000 08:01 289179                     /usr/lib/jvm/java-11-openjdk-amd64/lib/modules
7ff24c000000-7ff24c9d9000 rw-p 00000000 00:00 0 
7ff24c9d9000-7ff250000000 ---p 00000000 00:00 0 
7ff250000000-7ff25003a000 rw-p 00000000 00:00 0 
7ff25003a000-7ff254000000 ---p 00000000 00:00 0 
7ff254000000-7ff254021000 rw-p 00000000 00:00 0 
7ff254021000-7ff258000000 ---p 00000000 00:00 0 
7ff258000000-7ff259ef6000 rw-p 00000000 00:00 0 
7ff259ef6000-7ff25c000000 ---p 00000000 00:00 0 
7ff25c000000-7ff25c021000 rw-p 00000000 00:00 0 
7ff25c021000-7ff260000000 ---p 00000000 00:00 0 
7ff260000000-7ff260021000 rw-p 00000000 00:00 0 
7ff260021000-7ff264000000 ---p 00000000 00:00 0 
7ff264000000-7ff264021000 rw-p 00000000 00:00 0 
7ff264021000-7ff268000000 ---p 00000000 00:00 0 
7ff268000000-7ff268021000 rw-p 00000000 00:00 0 
7ff268021000-7ff26c000000 ---p 00000000 00:00 0 
7ff26c000000-7ff26c222000 rw-p 00000000 00:00 0 
7ff26c222000-7ff270000000 ---p 00000000 00:00 0 
7ff273000000-7ff273400000 rw-p 00000000 00:00 0 
7ff273400000-7ff273980000 rw-p 00000000 00:00 0 
7ff273980000-7ff273b00000 rw-p 00000000 00:00 0 
7ff273b00000-7ff273b40000 rw-p 00000000 00:00 0 
7ff273b40000-7ff273b80000 rw-p 00000000 00:00 0 
7ff273b80000-7ff273d00000 rw-p 00000000 00:00 0 
7ff273d00000-7ff274000000 rw-p 00000000 00:00 0 
7ff274000000-7ff274100000 rw-p 00000000 00:00 0 
7ff274100000-7ff274200000 rw-p 00000000 00:00 0 
7ff274200000-7ff274500000 rw-p 00000000 00:00 0 
7ff274500000-7ff274600000 rw-p 00000000 00:00 0 
7ff274600000-7ff274b00000 rw-p 00000000 00:00 0 
7ff274b00000-7ff274c00000 rw-p 00000000 00:00 0 
7ff274c00000-7ff275b00000 rw-p 00000000 00:00 0 
7ff275b00000-7ff275c00000 rw-p 00000000 00:00 0 
7ff275c00000-7ff277000000 rw-p 00000000 00:00 0 
7ff277000000-7ff277a5e000 rw-p 00001000 08:01 1831204                    /home/vagrant/.sonar/cache/bcb1b7b8ad68c93093f09b591b7cb17161d39891f7d29d33a586f5a328603707/OpenJDK17U-jre_x64_linux_hotspot_17.0.11_9.tar.gz_extracted/jdk-17.0.11+9-jre/lib/server/classes.jsa
7ff277a5e000-7ff278000000 ---p 00000000 00:00 0 
7ff278000000-7ff278040000 rw-p 00000000 00:00 0 
7ff278040000-7ff2780c0000 rw-p 00000000 00:00 0 
7ff2780c0000-7ff278100000 rw-p 00000000 00:00 0 
7ff278100000-7ff2781c0000 rw-p 00000000 00:00 0 
7ff2781c0000-7ff278240000 rw-p 00000000 00:00 0 
7ff278240000-7ff278380000 rw-p 00000000 00:00 0 
7ff278380000-7ff278770000 rw-p 00000000 00:00 0 
7ff278770000-7ff278780000 ---p 00000000 00:00 0 
7ff278780000-7ff278ae0000 rw-p 00000000 00:00 0 
7ff278ae0000-7ff2b8000000 ---p 00000000 00:00 0 
7ff2b8000000-7ff2b8021000 rw-p 00000000 00:00 0 
7ff2b8021000-7ff2bc000000 ---p 00000000 00:00 0 
7ff2bc000000-7ff2bc021000 rw-p 00000000 00:00 0 
7ff2bc021000-7ff2c0000000 ---p 00000000 00:00 0 
7ff2c0000000-7ff2c0021000 rw-p 00000000 00:00 0 
7ff2c0021000-7ff2c4000000 ---p 00000000 00:00 0 
7ff2c4000000-7ff2c4021000 rw-p 00000000 00:00 0 
7ff2c4021000-7ff2c8000000 ---p 00000000 00:00 0 
7ff2c8000000-7ff2c804f000 rw-p 00000000 00:00 0 
7ff2c804f000-7ff2cc000000 ---p 00000000 00:00 0 
7ff2cc50d000-7ff2cc79e000 rw-p 00000000 00:00 0 
7ff2cc79e000-7ff2cc7a2000 ---p 00000000 00:00 0 
7ff2cc7a2000-7ff2cc89f000 rw-p 00000000 00:00 0 
7ff2cc89f000-7ff2cc8a3000 ---p 00000000 00:00 0 
7ff2cc8a3000-7ff2cc9a0000 rw-p 00000000 00:00 0 
7ff2cc9a0000-7ff2cc9a4000 ---p 00000000 00:00 0 
7ff2cc9a4000-7ff2ccaa1000 rw-p 00000000 00:00 0 
7ff2ccaa1000-7ff2ccaa5000 ---p 00000000 00:00 0 
7ff2ccaa5000-7ff2ccba2000 rw-p 00000000 00:00 0 
7ff2ccba2000-7ff2ccba6000 ---p 00000000 00:00 0 
7ff2ccba6000-7ff2ccca3000 rw-p 00000000 00:00 0 
7ff2ccca3000-7ff2ccca7000 ---p 00000000 00:00 0 
7ff2ccca7000-7ff2ccda4000 rw-p 00000000 00:00 0 
7ff2ccda4000-7ff2cceca000 r--p 00000000 08:01 1833611                    /home/vagrant/.tree-sitter/lib/x86_64-linux-gnu-tree-sitter-bash.so
7ff2cceca000-7ff2ccef0000 r-xp 00125000 08:01 1833611                    /home/vagrant/.tree-sitter/lib/x86_64-linux-gnu-tree-sitter-bash.so
7ff2ccef0000-7ff2ccef2000 r--p 0014a000 08:01 1833611                    /home/vagrant/.tree-sitter/lib/x86_64-linux-gnu-tree-sitter-bash.so
7ff2ccef2000-7ff2ccef3000 rw-p 0014b000 08:01 1833611                    /home/vagrant/.tree-sitter/lib/x86_64-linux-gnu-tree-sitter-bash.so
7ff2ccef3000-7ff2ccf08000 r--p 00000000 08:01 1833610                    /home/vagrant/.tree-sitter/lib/x86_64-linux-gnu-tree-sitter.so
7ff2ccf08000-7ff2ccf3e000 r-xp 00014000 08:01 1833610                    /home/vagrant/.tree-sitter/lib/x86_64-linux-gnu-tree-sitter.so
7ff2ccf3e000-7ff2ccf3f000 r--p 00049000 08:01 1833610                    /home/vagrant/.tree-sitter/lib/x86_64-linux-gnu-tree-sitter.so
7ff2ccf3f000-7ff2ccf40000 rw-p 00049000 08:01 1833610                    /home/vagrant/.tree-sitter/lib/x86_64-linux-gnu-tree-sitter.so
7ff2ccf40000-7ff2ccf44000 ---p 00000000 00:00 0 
7ff2ccf44000-7ff2cd041000 rw-p 00000000 00:00 0 
7ff2cd041000-7ff2cd045000 ---p 00000000 00:00 0 
7ff2cd045000-7ff2cd063000 rw-p 00000000 00:00 0 
7ff2cd063000-7ff2cd067000 ---p 00000000 00:00 0 
7ff2cd067000-7ff2cd164000 rw-p 00000000 00:00 0 
7ff2cd164000-7ff2cd165000 ---p 00000000 00:00 0 
7ff2cd165000-7ff2cd265000 rw-p 00000000 00:00 0 
7ff2cd265000-7ff2cd269000 ---p 00000000 00:00 0 
7ff2cd269000-7ff2cd366000 rw-p 00000000 00:00 0 
7ff2cd366000-7ff2cd36a000 ---p 00000000 00:00 0 
7ff2cd36a000-7ff2cd467000 rw-p 00000000 00:00 0 
7ff2cd467000-7ff2cd46b000 ---p 00000000 00:00 0 
7ff2cd46b000-7ff2cd568000 rw-p 00000000 00:00 0 
7ff2cd568000-7ff2cd56c000 ---p 00000000 00:00 0 
7ff2cd56c000-7ff2cd669000 rw-p 00000000 00:00 0 
7ff2cd669000-7ff2cd66d000 ---p 00000000 00:00 0 
7ff2cd66d000-7ff2cd76a000 rw-p 00000000 00:00 0 
7ff2cd76a000-7ff2cd76e000 ---p 00000000 00:00 0 
7ff2cd76e000-7ff2cd86b000 rw-p 00000000 00:00 0 
7ff2cd86b000-7ff2cd86f000 ---p 00000000 00:00 0 
7ff2cd86f000-7ff2cd96c000 rw-p 00000000 00:00 0 
7ff2cd96c000-7ff2cd970000 ---p 00000000 00:00 0 
7ff2cd970000-7ff2cda6d000 rw-p 00000000 00:00 0 
7ff2cda6d000-7ff2cda84000 r-xp 00000000 08:01 2300                       /lib/x86_64-linux-gnu/libresolv-2.27.so
7ff2cda84000-7ff2cdc83000 ---p 00017000 08:01 2300                       /lib/x86_64-linux-gnu/libresolv-2.27.so
7ff2cdc83000-7ff2cdc84000 r--p 00016000 08:01 2300                       /lib/x86_64-linux-gnu/libresolv-2.27.so
7ff2cdc84000-7ff2cdc85000 rw-p 00017000 08:01 2300                       /lib/x86_64-linux-gnu/libresolv-2.27.so
7ff2cdc85000-7ff2cdc87000 rw-p 00000000 00:00 0 
7ff2cdc87000-7ff2cdc8c000 r-xp 00000000 08:01 2293                       /lib/x86_64-linux-gnu/libnss_dns-2.27.so
7ff2cdc8c000-7ff2cde8c000 ---p 00005000 08:01 2293                       /lib/x86_64-linux-gnu/libnss_dns-2.27.so
7ff2cde8c000-7ff2cde8d000 r--p 00005000 08:01 2293                       /lib/x86_64-linux-gnu/libnss_dns-2.27.so
7ff2cde8d000-7ff2cde8e000 rw-p 00006000 08:01 2293                       /lib/x86_64-linux-gnu/libnss_dns-2.27.so
7ff2cde8e000-7ff2cde8f000 ---p 00000000 00:00 0 
7ff2cde8f000-7ff2cdf8f000 rw-p 00000000 00:00 0 
7ff2cdf8f000-7ff2cdf91000 r--p 00000000 08:01 1831275                    /home/vagrant/.sonar/cache/bcb1b7b8ad68c93093f09b591b7cb17161d39891f7d29d33a586f5a328603707/OpenJDK17U-jre_x64_linux_hotspot_17.0.11_9.tar.gz_extracted/jdk-17.0.11+9-jre/lib/libzip.so
7ff2cdf91000-7ff2cdfa3000 r-xp 00002000 08:01 1831275                    /home/vagrant/.sonar/cache/bcb1b7b8ad68c93093f09b591b7cb17161d39891f7d29d33a586f5a328603707/OpenJDK17U-jre_x64_linux_hotspot_17.0.11_9.tar.gz_extracted/jdk-17.0.11+9-jre/lib/libzip.so
7ff2cdfa3000-7ff2cdfab000 r--p 00014000 08:01 1831275                    /home/vagrant/.sonar/cache/bcb1b7b8ad68c93093f09b591b7cb17161d39891f7d29d33a586f5a328603707/OpenJDK17U-jre_x64_linux_hotspot_17.0.11_9.tar.gz_extracted/jdk-17.0.11+9-jre/lib/libzip.so
7ff2cdfab000-7ff2cdfac000 r--p 0001b000 08:01 1831275                    /home/vagrant/.sonar/cache/bcb1b7b8ad68c93093f09b591b7cb17161d39891f7d29d33a586f5a328603707/OpenJDK17U-jre_x64_linux_hotspot_17.0.11_9.tar.gz_extracted/jdk-17.0.11+9-jre/lib/libzip.so
7ff2cdfac000-7ff2cdfad000 rw-p 0001c000 08:01 1831275                    /home/vagrant/.sonar/cache/bcb1b7b8ad68c93093f09b591b7cb17161d39891f7d29d33a586f5a328603707/OpenJDK17U-jre_x64_linux_hotspot_17.0.11_9.tar.gz_extracted/jdk-17.0.11+9-jre/lib/libzip.so
7ff2cdfad000-7ff2cffad000 rw-p 00000000 00:00 0 
7ff2cffad000-7ff2d115d000 rwxp 00000000 00:00 0 
7ff2d115d000-7ff2d74e5000 ---p 00000000 00:00 0 
7ff2d74e5000-7ff2d7755000 rwxp 00000000 00:00 0 
7ff2d7755000-7ff2d7a74000 ---p 00000000 00:00 0 
7ff2d7a74000-7ff2d7f24000 rwxp 00000000 00:00 0 
7ff2d7f24000-7ff2defad000 ---p 00000000 00:00 0 
7ff2defad000-7ff2e4000000 r--s 00000000 08:01 1830793                    /home/vagrant/.sonar/cache/bcb1b7b8ad68c93093f09b591b7cb17161d39891f7d29d33a586f5a328603707/OpenJDK17U-jre_x64_linux_hotspot_17.0.11_9.tar.gz_extracted/jdk-17.0.11+9-jre/lib/modules
7ff2e4000000-7ff2e59c1000 rw-p 00000000 00:00 0 
7ff2e59c1000-7ff2e8000000 ---p 00000000 00:00 0 
7ff2e8000000-7ff2e8002000 r--p 00000000 08:01 1831061                    /home/vagrant/.sonar/cache/bcb1b7b8ad68c93093f09b591b7cb17161d39891f7d29d33a586f5a328603707/OpenJDK17U-jre_x64_linux_hotspot_17.0.11_9.tar.gz_extracted/jdk-17.0.11+9-jre/lib/libmanagement_ext.so
7ff2e8002000-7ff2e8005000 r-xp 00002000 08:01 1831061                    /home/vagrant/.sonar/cache/bcb1b7b8ad68c93093f09b591b7cb17161d39891f7d29d33a586f5a328603707/OpenJDK17U-jre_x64_linux_hotspot_17.0.11_9.tar.gz_extracted/jdk-17.0.11+9-jre/lib/libmanagement_ext.so
7ff2e8005000-7ff2e8006000 r--p 00005000 08:01 1831061                    /home/vagrant/.sonar/cache/bcb1b7b8ad68c93093f09b591b7cb17161d39891f7d29d33a586f5a328603707/OpenJDK17U-jre_x64_linux_hotspot_17.0.11_9.tar.gz_extracted/jdk-17.0.11+9-jre/lib/libmanagement_ext.so
7ff2e8006000-7ff2e8007000 ---p 00006000 08:01 1831061                    /home/vagrant/.sonar/cache/bcb1b7b8ad68c93093f09b591b7cb17161d39891f7d29d33a586f5a328603707/OpenJDK17U-jre_x64_linux_hotspot_17.0.11_9.tar.gz_extracted/jdk-17.0.11+9-jre/lib/libmanagement_ext.so
7ff2e8007000-7ff2e8008000 r--p 00006000 08:01 1831061                    /home/vagrant/.sonar/cache/bcb1b7b8ad68c93093f09b591b7cb17161d39891f7d29d33a586f5a328603707/OpenJDK17U-jre_x64_linux_hotspot_17.0.11_9.tar.gz_extracted/jdk-17.0.11+9-jre/lib/libmanagement_ext.so
7ff2e8008000-7ff2e8009000 rw-p 00007000 08:01 1831061                    /home/vagrant/.sonar/cache/bcb1b7b8ad68c93093f09b591b7cb17161d39891f7d29d33a586f5a328603707/OpenJDK17U-jre_x64_linux_hotspot_17.0.11_9.tar.gz_extracted/jdk-17.0.11+9-jre/lib/libmanagement_ext.so
7ff2e8009000-7ff2e800c000 r--p 00000000 08:01 1831067                    /home/vagrant/.sonar/cache/bcb1b7b8ad68c93093f09b591b7cb17161d39891f7d29d33a586f5a328603707/OpenJDK17U-jre_x64_linux_hotspot_17.0.11_9.tar.gz_extracted/jdk-17.0.11+9-jre/lib/libmanagement.so
7ff2e800c000-7ff2e800d000 r-xp 00003000 08:01 1831067                    /home/vagrant/.sonar/cache/bcb1b7b8ad68c93093f09b591b7cb17161d39891f7d29d33a586f5a328603707/OpenJDK17U-jre_x64_linux_hotspot_17.0.11_9.tar.gz_extracted/jdk-17.0.11+9-jre/lib/libmanagement.so
7ff2e800d000-7ff2e800e000 r--p 00004000 08:01 1831067                    /home/vagrant/.sonar/cache/bcb1b7b8ad68c93093f09b591b7cb17161d39891f7d29d33a586f5a328603707/OpenJDK17U-jre_x64_linux_hotspot_17.0.11_9.tar.gz_extracted/jdk-17.0.11+9-jre/lib/libmanagement.so
7ff2e800e000-7ff2e800f000 r--p 00004000 08:01 1831067                    /home/vagrant/.sonar/cache/bcb1b7b8ad68c93093f09b591b7cb17161d39891f7d29d33a586f5a328603707/OpenJDK17U-jre_x64_linux_hotspot_17.0.11_9.tar.gz_extracted/jdk-17.0.11+9-jre/lib/libmanagement.so
7ff2e800f000-7ff2e8010000 rw-p 00005000 08:01 1831067                    /home/vagrant/.sonar/cache/bcb1b7b8ad68c93093f09b591b7cb17161d39891f7d29d33a586f5a328603707/OpenJDK17U-jre_x64_linux_hotspot_17.0.11_9.tar.gz_extracted/jdk-17.0.11+9-jre/lib/libmanagement.so
7ff2e8010000-7ff2e8011000 r--p 00000000 08:01 1831961                    /home/vagrant/.sonar/cache/bcb1b7b8ad68c93093f09b591b7cb17161d39891f7d29d33a586f5a328603707/OpenJDK17U-jre_x64_linux_hotspot_17.0.11_9.tar.gz_extracted/jdk-17.0.11+9-jre/lib/libextnet.so
7ff2e8011000-7ff2e8012000 r-xp 00001000 08:01 1831961                    /home/vagrant/.sonar/cache/bcb1b7b8ad68c93093f09b591b7cb17161d39891f7d29d33a586f5a328603707/OpenJDK17U-jre_x64_linux_hotspot_17.0.11_9.tar.gz_extracted/jdk-17.0.11+9-jre/lib/libextnet.so
7ff2e8012000-7ff2e8013000 r--p 00002000 08:01 1831961                    /home/vagrant/.sonar/cache/bcb1b7b8ad68c93093f09b591b7cb17161d39891f7d29d33a586f5a328603707/OpenJDK17U-jre_x64_linux_hotspot_17.0.11_9.tar.gz_extracted/jdk-17.0.11+9-jre/lib/libextnet.so
7ff2e8013000-7ff2e8014000 r--p 00002000 08:01 1831961                    /home/vagrant/.sonar/cache/bcb1b7b8ad68c93093f09b591b7cb17161d39891f7d29d33a586f5a328603707/OpenJDK17U-jre_x64_linux_hotspot_17.0.11_9.tar.gz_extracted/jdk-17.0.11+9-jre/lib/libextnet.so
7ff2e8014000-7ff2e8015000 rw-p 00003000 08:01 1831961                    /home/vagrant/.sonar/cache/bcb1b7b8ad68c93093f09b591b7cb17161d39891f7d29d33a586f5a328603707/OpenJDK17U-jre_x64_linux_hotspot_17.0.11_9.tar.gz_extracted/jdk-17.0.11+9-jre/lib/libextnet.so
7ff2e8015000-7ff2e8019000 r--p 00000000 08:01 1831045                    /home/vagrant/.sonar/cache/bcb1b7b8ad68c93093f09b591b7cb17161d39891f7d29d33a586f5a328603707/OpenJDK17U-jre_x64_linux_hotspot_17.0.11_9.tar.gz_extracted/jdk-17.0.11+9-jre/lib/libnet.so
7ff2e8019000-7ff2e8027000 r-xp 00004000 08:01 1831045                    /home/vagrant/.sonar/cache/bcb1b7b8ad68c93093f09b591b7cb17161d39891f7d29d33a586f5a328603707/OpenJDK17U-jre_x64_linux_hotspot_17.0.11_9.tar.gz_extracted/jdk-17.0.11+9-jre/lib/libnet.so
7ff2e8027000-7ff2e802b000 r--p 00012000 08:01 1831045                    /home/vagrant/.sonar/cache/bcb1b7b8ad68c93093f09b591b7cb17161d39891f7d29d33a586f5a328603707/OpenJDK17U-jre_x64_linux_hotspot_17.0.11_9.tar.gz_extracted/jdk-17.0.11+9-jre/lib/libnet.so
7ff2e802b000-7ff2e802c000 r--p 00015000 08:01 1831045                    /home/vagrant/.sonar/cache/bcb1b7b8ad68c93093f09b591b7cb17161d39891f7d29d33a586f5a328603707/OpenJDK17U-jre_x64_linux_hotspot_17.0.11_9.tar.gz_extracted/jdk-17.0.11+9-jre/lib/libnet.so
7ff2e802c000-7ff2e802d000 rw-p 00016000 08:01 1831045                    /home/vagrant/.sonar/cache/bcb1b7b8ad68c93093f09b591b7cb17161d39891f7d29d33a586f5a328603707/OpenJDK17U-jre_x64_linux_hotspot_17.0.11_9.tar.gz_extracted/jdk-17.0.11+9-jre/lib/libnet.so
7ff2e802d000-7ff2e8031000 ---p 00000000 00:00 0 
7ff2e8031000-7ff2e812e000 rw-p 00000000 00:00 0 
7ff2e812e000-7ff2e812f000 ---p 00000000 00:00 0 
7ff2e812f000-7ff2e822f000 rw-p 00000000 00:00 0 
7ff2e822f000-7ff2e8233000 ---p 00000000 00:00 0 
7ff2e8233000-7ff2e8330000 rw-p 00000000 00:00 0 
7ff2e8330000-7ff2e8334000 ---p 00000000 00:00 0 
7ff2e8334000-7ff2e8431000 rw-p 00000000 00:00 0 
7ff2e8431000-7ff2e8435000 ---p 00000000 00:00 0 
7ff2e8435000-7ff2e8532000 rw-p 00000000 00:00 0 
7ff2e8532000-7ff2e8536000 ---p 00000000 00:00 0 
7ff2e8536000-7ff2e8633000 rw-p 00000000 00:00 0 
7ff2e8633000-7ff2e8637000 ---p 00000000 00:00 0 
7ff2e8637000-7ff2e8734000 rw-p 00000000 00:00 0 
7ff2e8734000-7ff2e8738000 ---p 00000000 00:00 0 
7ff2e8738000-7ff2e8835000 rw-p 00000000 00:00 0 
7ff2e8835000-7ff2e8839000 ---p 00000000 00:00 0 
7ff2e8839000-7ff2e8936000 rw-p 00000000 00:00 0 
7ff2e8936000-7ff2e8aa9000 r--p 00000000 08:01 7881                       /usr/lib/locale/C.UTF-8/LC_COLLATE
7ff2e8aa9000-7ff2e8c44000 r--p 00000000 08:01 7876                       /usr/lib/locale/locale-archive
7ff2e8c44000-7ff2e8c48000 ---p 00000000 00:00 0 
7ff2e8c48000-7ff2e8d45000 rw-p 00000000 00:00 0 
7ff2e8d45000-7ff2e8d49000 ---p 00000000 00:00 0 
7ff2e8d49000-7ff2e8e46000 rw-p 00000000 00:00 0 
7ff2e8e46000-7ff2e8e47000 ---p 00000000 00:00 0 
7ff2e8e47000-7ff2e8f47000 rw-p 00000000 00:00 0 
7ff2e8f47000-7ff2e8f4c000 r--p 00000000 08:01 1830814                    /home/vagrant/.sonar/cache/bcb1b7b8ad68c93093f09b591b7cb17161d39891f7d29d33a586f5a328603707/OpenJDK17U-jre_x64_linux_hotspot_17.0.11_9.tar.gz_extracted/jdk-17.0.11+9-jre/lib/libjsvml.so
7ff2e8f4c000-7ff2e8f8d000 r-xp 00005000 08:01 1830814                    /home/vagrant/.sonar/cache/bcb1b7b8ad68c93093f09b591b7cb17161d39891f7d29d33a586f5a328603707/OpenJDK17U-jre_x64_linux_hotspot_17.0.11_9.tar.gz_extracted/jdk-17.0.11+9-jre/lib/libjsvml.so
7ff2e8f8d000-7ff2e9016000 r--p 00046000 08:01 1830814                    /home/vagrant/.sonar/cache/bcb1b7b8ad68c93093f09b591b7cb17161d39891f7d29d33a586f5a328603707/OpenJDK17U-jre_x64_linux_hotspot_17.0.11_9.tar.gz_extracted/jdk-17.0.11+9-jre/lib/libjsvml.so
7ff2e9016000-7ff2e9017000 r--p 000ce000 08:01 1830814                    /home/vagrant/.sonar/cache/bcb1b7b8ad68c93093f09b591b7cb17161d39891f7d29d33a586f5a328603707/OpenJDK17U-jre_x64_linux_hotspot_17.0.11_9.tar.gz_extracted/jdk-17.0.11+9-jre/lib/libjsvml.so
7ff2e9017000-7ff2e9018000 rw-p 000cf000 08:01 1830814                    /home/vagrant/.sonar/cache/bcb1b7b8ad68c93093f09b591b7cb17161d39891f7d29d33a586f5a328603707/OpenJDK17U-jre_x64_linux_hotspot_17.0.11_9.tar.gz_extracted/jdk-17.0.11+9-jre/lib/libjsvml.so
7ff2e9018000-7ff2e9135000 rw-p 00000000 00:00 0 
7ff2e9135000-7ff2e9136000 ---p 00000000 00:00 0 
7ff2e9136000-7ff2e9236000 rw-p 00000000 00:00 0 
7ff2e9236000-7ff2e9237000 ---p 00000000 00:00 0 
7ff2e9237000-7ff2e9539000 rw-p 00000000 00:00 0 
7ff2e9539000-7ff2e953a000 ---p 00000000 00:00 0 
7ff2e953a000-7ff2e963a000 rw-p 00000000 00:00 0 
7ff2e963a000-7ff2e963b000 ---p 00000000 00:00 0 
7ff2e963b000-7ff2e973b000 rw-p 00000000 00:00 0 
7ff2e973b000-7ff2e973c000 ---p 00000000 00:00 0 
7ff2e973c000-7ff2e9cd0000 rw-p 00000000 00:00 0 
7ff2e9cd0000-7ff2e9fd4000 ---p 00000000 00:00 0 
7ff2e9fd4000-7ff2ea4a0000 rw-p 00000000 00:00 0 
7ff2ea4a0000-7ff2ea7a4000 ---p 00000000 00:00 0 
7ff2ea7a4000-7ff2ea86f000 rw-p 00000000 00:00 0 
7ff2ea86f000-7ff2ea8cf000 ---p 00000000 00:00 0 
7ff2ea8cf000-7ff2ea969000 rw-p 00000000 00:00 0 
7ff2ea969000-7ff2ea9c9000 ---p 00000000 00:00 0 
7ff2ea9c9000-7ff2eaa63000 rw-p 00000000 00:00 0 
7ff2eaa63000-7ff2eaac3000 ---p 00000000 00:00 0 
7ff2eaac3000-7ff2eacd6000 rw-p 00000000 00:00 0 
7ff2eacd6000-7ff2eadb7000 ---p 00000000 00:00 0 
7ff2eadb7000-7ff2eaddb000 rw-p 00000000 00:00 0 
7ff2eaddb000-7ff2eaea2000 ---p 00000000 00:00 0 
7ff2eaea2000-7ff2eaead000 r-xp 00000000 08:01 2294                       /lib/x86_64-linux-gnu/libnss_files-2.27.so
7ff2eaead000-7ff2eb0ac000 ---p 0000b000 08:01 2294                       /lib/x86_64-linux-gnu/libnss_files-2.27.so
7ff2eb0ac000-7ff2eb0ad000 r--p 0000a000 08:01 2294                       /lib/x86_64-linux-gnu/libnss_files-2.27.so
7ff2eb0ad000-7ff2eb0ae000 rw-p 0000b000 08:01 2294                       /lib/x86_64-linux-gnu/libnss_files-2.27.so
7ff2eb0ae000-7ff2eb0b4000 rw-p 00000000 00:00 0 
7ff2eb0b4000-7ff2eb0cb000 r-xp 00000000 08:01 2291                       /lib/x86_64-linux-gnu/libnsl-2.27.so
7ff2eb0cb000-7ff2eb2ca000 ---p 00017000 08:01 2291                       /lib/x86_64-linux-gnu/libnsl-2.27.so
7ff2eb2ca000-7ff2eb2cb000 r--p 00016000 08:01 2291                       /lib/x86_64-linux-gnu/libnsl-2.27.so
7ff2eb2cb000-7ff2eb2cc000 rw-p 00017000 08:01 2291                       /lib/x86_64-linux-gnu/libnsl-2.27.so
7ff2eb2cc000-7ff2eb2ce000 rw-p 00000000 00:00 0 
7ff2eb2ce000-7ff2eb2d9000 r-xp 00000000 08:01 2296                       /lib/x86_64-linux-gnu/libnss_nis-2.27.so
7ff2eb2d9000-7ff2eb4d8000 ---p 0000b000 08:01 2296                       /lib/x86_64-linux-gnu/libnss_nis-2.27.so
7ff2eb4d8000-7ff2eb4d9000 r--p 0000a000 08:01 2296                       /lib/x86_64-linux-gnu/libnss_nis-2.27.so
7ff2eb4d9000-7ff2eb4da000 rw-p 0000b000 08:01 2296                       /lib/x86_64-linux-gnu/libnss_nis-2.27.so
7ff2eb4da000-7ff2eb4e2000 r-xp 00000000 08:01 2292                       /lib/x86_64-linux-gnu/libnss_compat-2.27.so
7ff2eb4e2000-7ff2eb6e2000 ---p 00008000 08:01 2292                       /lib/x86_64-linux-gnu/libnss_compat-2.27.so
7ff2eb6e2000-7ff2eb6e3000 r--p 00008000 08:01 2292                       /lib/x86_64-linux-gnu/libnss_compat-2.27.so
7ff2eb6e3000-7ff2eb6e4000 rw-p 00009000 08:01 2292                       /lib/x86_64-linux-gnu/libnss_compat-2.27.so
7ff2eb6e4000-7ff2eb881000 r-xp 00000000 08:01 2288                       /lib/x86_64-linux-gnu/libm-2.27.so
7ff2eb881000-7ff2eba80000 ---p 0019d000 08:01 2288                       /lib/x86_64-linux-gnu/libm-2.27.so
7ff2eba80000-7ff2eba81000 r--p 0019c000 08:01 2288                       /lib/x86_64-linux-gnu/libm-2.27.so
7ff2eba81000-7ff2eba82000 rw-p 0019d000 08:01 2288                       /lib/x86_64-linux-gnu/libm-2.27.so
7ff2eba82000-7ff2eba89000 r-xp 00000000 08:01 2301                       /lib/x86_64-linux-gnu/librt-2.27.so
7ff2eba89000-7ff2ebc88000 ---p 00007000 08:01 2301                       /lib/x86_64-linux-gnu/librt-2.27.so
7ff2ebc88000-7ff2ebc89000 r--p 00006000 08:01 2301                       /lib/x86_64-linux-gnu/librt-2.27.so
7ff2ebc89000-7ff2ebc8a000 rw-p 00007000 08:01 2301                       /lib/x86_64-linux-gnu/librt-2.27.so
7ff2ebc8a000-7ff2ebedd000 r--p 00000000 08:01 1831107                    /home/vagrant/.sonar/cache/bcb1b7b8ad68c93093f09b591b7cb17161d39891f7d29d33a586f5a328603707/OpenJDK17U-jre_x64_linux_hotspot_17.0.11_9.tar.gz_extracted/jdk-17.0.11+9-jre/lib/server/libjvm.so
7ff2ebedd000-7ff2ecbff000 r-xp 00253000 08:01 1831107                    /home/vagrant/.sonar/cache/bcb1b7b8ad68c93093f09b591b7cb17161d39891f7d29d33a586f5a328603707/OpenJDK17U-jre_x64_linux_hotspot_17.0.11_9.tar.gz_extracted/jdk-17.0.11+9-jre/lib/server/libjvm.so
7ff2ecbff000-7ff2ece8b000 r--p 00f75000 08:01 1831107                    /home/vagrant/.sonar/cache/bcb1b7b8ad68c93093f09b591b7cb17161d39891f7d29d33a586f5a328603707/OpenJDK17U-jre_x64_linux_hotspot_17.0.11_9.tar.gz_extracted/jdk-17.0.11+9-jre/lib/server/libjvm.so
7ff2ece8b000-7ff2ece8c000 ---p 01201000 08:01 1831107                    /home/vagrant/.sonar/cache/bcb1b7b8ad68c93093f09b591b7cb17161d39891f7d29d33a586f5a328603707/OpenJDK17U-jre_x64_linux_hotspot_17.0.11_9.tar.gz_extracted/jdk-17.0.11+9-jre/lib/server/libjvm.so
7ff2ece8c000-7ff2ecf45000 r--p 01201000 08:01 1831107                    /home/vagrant/.sonar/cache/bcb1b7b8ad68c93093f09b591b7cb17161d39891f7d29d33a586f5a328603707/OpenJDK17U-jre_x64_linux_hotspot_17.0.11_9.tar.gz_extracted/jdk-17.0.11+9-jre/lib/server/libjvm.so
7ff2ecf45000-7ff2ecf7a000 rw-p 012ba000 08:01 1831107                    /home/vagrant/.sonar/cache/bcb1b7b8ad68c93093f09b591b7cb17161d39891f7d29d33a586f5a328603707/OpenJDK17U-jre_x64_linux_hotspot_17.0.11_9.tar.gz_extracted/jdk-17.0.11+9-jre/lib/server/libjvm.so
7ff2ecf7a000-7ff2ecfd4000 rw-p 00000000 00:00 0 
7ff2ecfd4000-7ff2ed1bb000 r-xp 00000000 08:01 2284                       /lib/x86_64-linux-gnu/libc-2.27.so
7ff2ed1bb000-7ff2ed3bb000 ---p 001e7000 08:01 2284                       /lib/x86_64-linux-gnu/libc-2.27.so
7ff2ed3bb000-7ff2ed3bf000 r--p 001e7000 08:01 2284                       /lib/x86_64-linux-gnu/libc-2.27.so
7ff2ed3bf000-7ff2ed3c1000 rw-p 001eb000 08:01 2284                       /lib/x86_64-linux-gnu/libc-2.27.so
7ff2ed3c1000-7ff2ed3c5000 rw-p 00000000 00:00 0 
7ff2ed3c5000-7ff2ed3c8000 r-xp 00000000 08:01 2287                       /lib/x86_64-linux-gnu/libdl-2.27.so
7ff2ed3c8000-7ff2ed5c7000 ---p 00003000 08:01 2287                       /lib/x86_64-linux-gnu/libdl-2.27.so
7ff2ed5c7000-7ff2ed5c8000 r--p 00002000 08:01 2287                       /lib/x86_64-linux-gnu/libdl-2.27.so
7ff2ed5c8000-7ff2ed5c9000 rw-p 00003000 08:01 2287                       /lib/x86_64-linux-gnu/libdl-2.27.so
7ff2ed5c9000-7ff2ed5e3000 r-xp 00000000 08:01 2299                       /lib/x86_64-linux-gnu/libpthread-2.27.so
7ff2ed5e3000-7ff2ed7e2000 ---p 0001a000 08:01 2299                       /lib/x86_64-linux-gnu/libpthread-2.27.so
7ff2ed7e2000-7ff2ed7e3000 r--p 00019000 08:01 2299                       /lib/x86_64-linux-gnu/libpthread-2.27.so
7ff2ed7e3000-7ff2ed7e4000 rw-p 0001a000 08:01 2299                       /lib/x86_64-linux-gnu/libpthread-2.27.so
7ff2ed7e4000-7ff2ed7e8000 rw-p 00000000 00:00 0 
7ff2ed7e8000-7ff2ed811000 r-xp 00000000 08:01 2279                       /lib/x86_64-linux-gnu/ld-2.27.so
7ff2ed815000-7ff2ed819000 r--p 00000000 08:01 1831241                    /home/vagrant/.sonar/cache/bcb1b7b8ad68c93093f09b591b7cb17161d39891f7d29d33a586f5a328603707/OpenJDK17U-jre_x64_linux_hotspot_17.0.11_9.tar.gz_extracted/jdk-17.0.11+9-jre/lib/libverify.so
7ff2ed819000-7ff2ed820000 r-xp 00004000 08:01 1831241                    /home/vagrant/.sonar/cache/bcb1b7b8ad68c93093f09b591b7cb17161d39891f7d29d33a586f5a328603707/OpenJDK17U-jre_x64_linux_hotspot_17.0.11_9.tar.gz_extracted/jdk-17.0.11+9-jre/lib/libverify.so
7ff2ed820000-7ff2ed822000 r--p 0000b000 08:01 1831241                    /home/vagrant/.sonar/cache/bcb1b7b8ad68c93093f09b591b7cb17161d39891f7d29d33a586f5a328603707/OpenJDK17U-jre_x64_linux_hotspot_17.0.11_9.tar.gz_extracted/jdk-17.0.11+9-jre/lib/libverify.so
7ff2ed822000-7ff2ed824000 r--p 0000c000 08:01 1831241                    /home/vagrant/.sonar/cache/bcb1b7b8ad68c93093f09b591b7cb17161d39891f7d29d33a586f5a328603707/OpenJDK17U-jre_x64_linux_hotspot_17.0.11_9.tar.gz_extracted/jdk-17.0.11+9-jre/lib/libverify.so
7ff2ed824000-7ff2ed825000 rw-p 0000e000 08:01 1831241                    /home/vagrant/.sonar/cache/bcb1b7b8ad68c93093f09b591b7cb17161d39891f7d29d33a586f5a328603707/OpenJDK17U-jre_x64_linux_hotspot_17.0.11_9.tar.gz_extracted/jdk-17.0.11+9-jre/lib/libverify.so
7ff2ed825000-7ff2ed82c000 r--p 00000000 08:01 1831046                    /home/vagrant/.sonar/cache/bcb1b7b8ad68c93093f09b591b7cb17161d39891f7d29d33a586f5a328603707/OpenJDK17U-jre_x64_linux_hotspot_17.0.11_9.tar.gz_extracted/jdk-17.0.11+9-jre/lib/libnio.so
7ff2ed82c000-7ff2ed835000 r-xp 00007000 08:01 1831046                    /home/vagrant/.sonar/cache/bcb1b7b8ad68c93093f09b591b7cb17161d39891f7d29d33a586f5a328603707/OpenJDK17U-jre_x64_linux_hotspot_17.0.11_9.tar.gz_extracted/jdk-17.0.11+9-jre/lib/libnio.so
7ff2ed835000-7ff2ed839000 r--p 00010000 08:01 1831046                    /home/vagrant/.sonar/cache/bcb1b7b8ad68c93093f09b591b7cb17161d39891f7d29d33a586f5a328603707/OpenJDK17U-jre_x64_linux_hotspot_17.0.11_9.tar.gz_extracted/jdk-17.0.11+9-jre/lib/libnio.so
7ff2ed839000-7ff2ed83a000 ---p 00014000 08:01 1831046                    /home/vagrant/.sonar/cache/bcb1b7b8ad68c93093f09b591b7cb17161d39891f7d29d33a586f5a328603707/OpenJDK17U-jre_x64_linux_hotspot_17.0.11_9.tar.gz_extracted/jdk-17.0.11+9-jre/lib/libnio.so
7ff2ed83a000-7ff2ed83b000 r--p 00014000 08:01 1831046                    /home/vagrant/.sonar/cache/bcb1b7b8ad68c93093f09b591b7cb17161d39891f7d29d33a586f5a328603707/OpenJDK17U-jre_x64_linux_hotspot_17.0.11_9.tar.gz_extracted/jdk-17.0.11+9-jre/lib/libnio.so
7ff2ed83b000-7ff2ed83c000 rw-p 00015000 08:01 1831046                    /home/vagrant/.sonar/cache/bcb1b7b8ad68c93093f09b591b7cb17161d39891f7d29d33a586f5a328603707/OpenJDK17U-jre_x64_linux_hotspot_17.0.11_9.tar.gz_extracted/jdk-17.0.11+9-jre/lib/libnio.so
7ff2ed83c000-7ff2ed86d000 r--p 00000000 08:01 7882                       /usr/lib/locale/C.UTF-8/LC_CTYPE
7ff2ed86d000-7ff2ed86e000 r--p 00000000 08:01 7887                       /usr/lib/locale/C.UTF-8/LC_NUMERIC
7ff2ed86e000-7ff2ed86f000 r--p 00000000 08:01 7890                       /usr/lib/locale/C.UTF-8/LC_TIME
7ff2ed86f000-7ff2ed870000 r--p 00000000 08:01 7885                       /usr/lib/locale/C.UTF-8/LC_MONETARY
7ff2ed870000-7ff2ed871000 r--p 00000000 08:01 7879                       /usr/lib/locale/C.UTF-8/LC_MESSAGES/SYS_LC_MESSAGES
7ff2ed871000-7ff2ed872000 r--p 00000000 08:01 7888                       /usr/lib/locale/C.UTF-8/LC_PAPER
7ff2ed872000-7ff2ed879000 r--s 00000000 08:01 5092                       /usr/lib/x86_64-linux-gnu/gconv/gconv-modules.cache
7ff2ed879000-7ff2ed88f000 rw-p 00000000 00:00 0 
7ff2ed88f000-7ff2ed896000 ---p 00000000 00:00 0 
7ff2ed896000-7ff2ed8a4000 r--p 00000000 08:01 1830822                    /home/vagrant/.sonar/cache/bcb1b7b8ad68c93093f09b591b7cb17161d39891f7d29d33a586f5a328603707/OpenJDK17U-jre_x64_linux_hotspot_17.0.11_9.tar.gz_extracted/jdk-17.0.11+9-jre/lib/libjava.so
7ff2ed8a4000-7ff2ed8b6000 r-xp 0000e000 08:01 1830822                    /home/vagrant/.sonar/cache/bcb1b7b8ad68c93093f09b591b7cb17161d39891f7d29d33a586f5a328603707/OpenJDK17U-jre_x64_linux_hotspot_17.0.11_9.tar.gz_extracted/jdk-17.0.11+9-jre/lib/libjava.so
7ff2ed8b6000-7ff2ed8bc000 r--p 00020000 08:01 1830822                    /home/vagrant/.sonar/cache/bcb1b7b8ad68c93093f09b591b7cb17161d39891f7d29d33a586f5a328603707/OpenJDK17U-jre_x64_linux_hotspot_17.0.11_9.tar.gz_extracted/jdk-17.0.11+9-jre/lib/libjava.so
7ff2ed8bc000-7ff2ed8bd000 ---p 00026000 08:01 1830822                    /home/vagrant/.sonar/cache/bcb1b7b8ad68c93093f09b591b7cb17161d39891f7d29d33a586f5a328603707/OpenJDK17U-jre_x64_linux_hotspot_17.0.11_9.tar.gz_extracted/jdk-17.0.11+9-jre/lib/libjava.so
7ff2ed8bd000-7ff2ed8be000 r--p 00026000 08:01 1830822                    /home/vagrant/.sonar/cache/bcb1b7b8ad68c93093f09b591b7cb17161d39891f7d29d33a586f5a328603707/OpenJDK17U-jre_x64_linux_hotspot_17.0.11_9.tar.gz_extracted/jdk-17.0.11+9-jre/lib/libjava.so
7ff2ed8be000-7ff2ed8bf000 rw-p 00027000 08:01 1830822                    /home/vagrant/.sonar/cache/bcb1b7b8ad68c93093f09b591b7cb17161d39891f7d29d33a586f5a328603707/OpenJDK17U-jre_x64_linux_hotspot_17.0.11_9.tar.gz_extracted/jdk-17.0.11+9-jre/lib/libjava.so
7ff2ed8bf000-7ff2ed8c0000 rw-p 00000000 00:00 0 
7ff2ed8c0000-7ff2ed8c8000 rw-s 00000000 08:01 1566477                    /tmp/hsperfdata_vagrant/507
7ff2ed8c8000-7ff2ed8cc000 r--p 00000000 08:01 1830781                    /home/vagrant/.sonar/cache/bcb1b7b8ad68c93093f09b591b7cb17161d39891f7d29d33a586f5a328603707/OpenJDK17U-jre_x64_linux_hotspot_17.0.11_9.tar.gz_extracted/jdk-17.0.11+9-jre/lib/libjimage.so
7ff2ed8cc000-7ff2ed8df000 r-xp 00004000 08:01 1830781                    /home/vagrant/.sonar/cache/bcb1b7b8ad68c93093f09b591b7cb17161d39891f7d29d33a586f5a328603707/OpenJDK17U-jre_x64_linux_hotspot_17.0.11_9.tar.gz_extracted/jdk-17.0.11+9-jre/lib/libjimage.so
7ff2ed8df000-7ff2ed8e5000 r--p 00017000 08:01 1830781                    /home/vagrant/.sonar/cache/bcb1b7b8ad68c93093f09b591b7cb17161d39891f7d29d33a586f5a328603707/OpenJDK17U-jre_x64_linux_hotspot_17.0.11_9.tar.gz_extracted/jdk-17.0.11+9-jre/lib/libjimage.so
7ff2ed8e5000-7ff2ed8e7000 r--p 0001c000 08:01 1830781                    /home/vagrant/.sonar/cache/bcb1b7b8ad68c93093f09b591b7cb17161d39891f7d29d33a586f5a328603707/OpenJDK17U-jre_x64_linux_hotspot_17.0.11_9.tar.gz_extracted/jdk-17.0.11+9-jre/lib/libjimage.so
7ff2ed8e7000-7ff2ed8e8000 rw-p 0001e000 08:01 1830781                    /home/vagrant/.sonar/cache/bcb1b7b8ad68c93093f09b591b7cb17161d39891f7d29d33a586f5a328603707/OpenJDK17U-jre_x64_linux_hotspot_17.0.11_9.tar.gz_extracted/jdk-17.0.11+9-jre/lib/libjimage.so
7ff2ed8e8000-7ff2ed8ec000 ---p 00000000 00:00 0 
7ff2ed8ec000-7ff2ed9eb000 rw-p 00000000 00:00 0 
7ff2ed9eb000-7ff2ed9ec000 r--p 00000000 08:01 7886                       /usr/lib/locale/C.UTF-8/LC_NAME
7ff2ed9ec000-7ff2ed9ed000 r--p 00000000 08:01 7880                       /usr/lib/locale/C.UTF-8/LC_ADDRESS
7ff2ed9ed000-7ff2ed9ee000 r--p 00000000 08:01 7889                       /usr/lib/locale/C.UTF-8/LC_TELEPHONE
7ff2ed9ee000-7ff2ed9ef000 r--p 00000000 08:01 7884                       /usr/lib/locale/C.UTF-8/LC_MEASUREMENT
7ff2ed9ef000-7ff2ed9f0000 r--p 00000000 08:01 7883                       /usr/lib/locale/C.UTF-8/LC_IDENTIFICATION
7ff2ed9f0000-7ff2ed9f1000 ---p 00000000 00:00 0 
7ff2ed9f1000-7ff2ed9f2000 r--p 00000000 00:00 0 
7ff2ed9f2000-7ff2ed9f3000 ---p 00000000 00:00 0 
7ff2ed9f3000-7ff2ed9f6000 r--p 00000000 08:01 1831437                    /home/vagrant/.sonar/cache/bcb1b7b8ad68c93093f09b591b7cb17161d39891f7d29d33a586f5a328603707/OpenJDK17U-jre_x64_linux_hotspot_17.0.11_9.tar.gz_extracted/jdk-17.0.11+9-jre/lib/libjli.so
7ff2ed9f6000-7ff2eda06000 r-xp 00003000 08:01 1831437                    /home/vagrant/.sonar/cache/bcb1b7b8ad68c93093f09b591b7cb17161d39891f7d29d33a586f5a328603707/OpenJDK17U-jre_x64_linux_hotspot_17.0.11_9.tar.gz_extracted/jdk-17.0.11+9-jre/lib/libjli.so
7ff2eda06000-7ff2eda0d000 r--p 00013000 08:01 1831437                    /home/vagrant/.sonar/cache/bcb1b7b8ad68c93093f09b591b7cb17161d39891f7d29d33a586f5a328603707/OpenJDK17U-jre_x64_linux_hotspot_17.0.11_9.tar.gz_extracted/jdk-17.0.11+9-jre/lib/libjli.so
7ff2eda0d000-7ff2eda0e000 r--p 00019000 08:01 1831437                    /home/vagrant/.sonar/cache/bcb1b7b8ad68c93093f09b591b7cb17161d39891f7d29d33a586f5a328603707/OpenJDK17U-jre_x64_linux_hotspot_17.0.11_9.tar.gz_extracted/jdk-17.0.11+9-jre/lib/libjli.so
7ff2eda0e000-7ff2eda0f000 rw-p 0001a000 08:01 1831437                    /home/vagrant/.sonar/cache/bcb1b7b8ad68c93093f09b591b7cb17161d39891f7d29d33a586f5a328603707/OpenJDK17U-jre_x64_linux_hotspot_17.0.11_9.tar.gz_extracted/jdk-17.0.11+9-jre/lib/libjli.so
7ff2eda0f000-7ff2eda11000 rw-p 00000000 00:00 0 
7ff2eda11000-7ff2eda12000 r--p 00029000 08:01 2279                       /lib/x86_64-linux-gnu/ld-2.27.so
7ff2eda12000-7ff2eda13000 rw-p 0002a000 08:01 2279                       /lib/x86_64-linux-gnu/ld-2.27.so
7ff2eda13000-7ff2eda14000 rw-p 00000000 00:00 0 
7ffcf3263000-7ffcf3284000 rw-p 00000000 00:00 0                          [stack]
7ffcf336f000-7ffcf3372000 r--p 00000000 00:00 0                          [vvar]
7ffcf3372000-7ffcf3374000 r-xp 00000000 00:00 0                          [vdso]
ffffffffff600000-ffffffffff601000 r-xp 00000000 00:00 0                  [vsyscall]


VM Arguments:
java_command: /home/vagrant/.sonar/cache/e28161b2802df2156618d64882119fb07bf4c23768b7cbdddb53e27a89f9a26f/sonarcloud-scanner-engine-12.11.0.2292-all.jar
java_class_path (initial): /home/vagrant/.sonar/cache/e28161b2802df2156618d64882119fb07bf4c23768b7cbdddb53e27a89f9a26f/sonarcloud-scanner-engine-12.11.0.2292-all.jar
Launcher Type: SUN_STANDARD

[Global flags]
     intx CICompilerCount                          = 2                                         {product} {ergonomic}
     uint ConcGCThreads                            = 1                                         {product} {ergonomic}
     uint G1ConcRefinementThreads                  = 2                                         {product} {ergonomic}
   size_t G1HeapRegionSize                         = 1048576                                   {product} {ergonomic}
    uintx GCDrainStackTargetSize                   = 64                                        {product} {ergonomic}
   size_t InitialHeapSize                          = 33554432                                  {product} {ergonomic}
   size_t MarkStackSize                            = 4194304                                   {product} {ergonomic}
   size_t MaxHeapSize                              = 524288000                                 {product} {ergonomic}
   size_t MaxNewSize                               = 314572800                                 {product} {ergonomic}
   size_t MinHeapDeltaBytes                        = 1048576                                   {product} {ergonomic}
   size_t MinHeapSize                              = 8388608                                   {product} {ergonomic}
    uintx NonNMethodCodeHeapSize                   = 5826188                                {pd product} {ergonomic}
    uintx NonProfiledCodeHeapSize                  = 122916026                              {pd product} {ergonomic}
    uintx ProfiledCodeHeapSize                     = 122916026                              {pd product} {ergonomic}
    uintx ReservedCodeCacheSize                    = 251658240                              {pd product} {ergonomic}
     bool SegmentedCodeCache                       = true                                      {product} {ergonomic}
   size_t SoftMaxHeapSize                          = 524288000                              {manageable} {ergonomic}
     bool UseCompressedClassPointers               = true                           {product lp64_product} {ergonomic}
     bool UseCompressedOops                        = true                           {product lp64_product} {ergonomic}
     bool UseG1GC                                  = true                                      {product} {ergonomic}

Logging:
Log output configuration:
 #0: stdout all=warning uptime,level,tags
 #1: stderr all=off uptime,level,tags

Environment Variables:
JAVA_HOME=/usr/lib/jvm/java-11-openjdk-amd64
PATH=/usr/lib/jvm/java-11-openjdk-amd64/bin:/opt/maven/bin:/usr/local/sbin:/usr/local/bin:/usr/sbin:/usr/bin:/sbin:/bin:/usr/games:/usr/local/games:/snap/bin
SHELL=/bin/bash
LANG=C.UTF-8
TERM=xterm-256color

Active Locale:
LC_ALL=C.UTF-8
LC_COLLATE=C.UTF-8
LC_CTYPE=C.UTF-8
LC_MESSAGES=C.UTF-8
LC_MONETARY=C.UTF-8
LC_NUMERIC=C.UTF-8
LC_TIME=C.UTF-8

Signal Handlers:
   SIGSEGV: crash_handler in libjvm.so, mask=11100100010111111101111111111110, flags=SA_RESTART|SA_SIGINFO, unblocked
    SIGBUS: crash_handler in libjvm.so, mask=11100100010111111101111111111110, flags=SA_RESTART|SA_SIGINFO, unblocked
    SIGFPE: crash_handler in libjvm.so, mask=11100100010111111101111111111110, flags=SA_RESTART|SA_SIGINFO, unblocked
   SIGPIPE: javaSignalHandler in libjvm.so, mask=11100100010111111101111111111110, flags=SA_RESTART|SA_SIGINFO, unblocked
   SIGXFSZ: javaSignalHandler in libjvm.so, mask=11100100010111111101111111111110, flags=SA_RESTART|SA_SIGINFO, unblocked
    SIGILL: crash_handler in libjvm.so, mask=11100100010111111101111111111110, flags=SA_RESTART|SA_SIGINFO, unblocked
   SIGUSR2: SR_handler in libjvm.so, mask=00100000000000000000000000000000, flags=SA_RESTART|SA_SIGINFO, unblocked
    SIGHUP: UserHandler in libjvm.so, mask=11100100010111111101111111111110, flags=SA_RESTART|SA_SIGINFO, unblocked
    SIGINT: UserHandler in libjvm.so, mask=11100100010111111101111111111110, flags=SA_RESTART|SA_SIGINFO, unblocked
   SIGTERM: UserHandler in libjvm.so, mask=11100100010111111101111111111110, flags=SA_RESTART|SA_SIGINFO, unblocked
   SIGQUIT: UserHandler in libjvm.so, mask=11100100010111111101111111111110, flags=SA_RESTART|SA_SIGINFO, unblocked
   SIGTRAP: crash_handler in libjvm.so, mask=11100100010111111101111111111110, flags=SA_RESTART|SA_SIGINFO, unblocked


Periodic native trim disabled


---------------  S Y S T E M  ---------------

OS:
DISTRIB_ID=Ubuntu
DISTRIB_RELEASE=18.04
DISTRIB_CODENAME=bionic
DISTRIB_DESCRIPTION="Ubuntu 18.04.6 LTS"
uname: Linux 4.15.0-213-generic #224-Ubuntu SMP Mon Jun 19 13:30:12 UTC 2023 x86_64
OS uptime: 0 days 2:26 hours
libc: glibc 2.27 NPTL 2.27 
rlimit (soft/hard): STACK 8192k/infinity , CORE 0k/infinity , NPROC 7867/7867 , NOFILE 1048576/1048576 , AS infinity/infinity , CPU infinity/infinity , DATA infinity/infinity , FSIZE infinity/infinity , MEMLOCK 65536k/65536k
load average: 1.31 0.47 1.08

/proc/meminfo:
MemTotal:        2040708 kB
MemFree:           70744 kB
MemAvailable:      30448 kB
Buffers:             744 kB
Cached:            40320 kB
SwapCached:            0 kB
Active:          1830812 kB
Inactive:          25948 kB
Active(anon):    1816360 kB
Inactive(anon):      564 kB
Active(file):      14452 kB
Inactive(file):    25384 kB
Unevictable:           0 kB
Mlocked:               0 kB
SwapTotal:             0 kB
SwapFree:              0 kB
Dirty:               660 kB
Writeback:             0 kB
AnonPages:       1815836 kB
Mapped:            31448 kB
Shmem:              1088 kB
Slab:              71912 kB
SReclaimable:      30280 kB
SUnreclaim:        41632 kB
KernelStack:        6832 kB
PageTables:        11812 kB
NFS_Unstable:          0 kB
Bounce:                0 kB
WritebackTmp:          0 kB
CommitLimit:     1020352 kB
Committed_AS:    4193100 kB
VmallocTotal:   34359738367 kB
VmallocUsed:           0 kB
VmallocChunk:          0 kB
HardwareCorrupted:     0 kB
AnonHugePages:         0 kB
ShmemHugePages:        0 kB
ShmemPmdMapped:        0 kB
CmaTotal:              0 kB
CmaFree:               0 kB
HugePages_Total:       0
HugePages_Free:        0
HugePages_Rsvd:        0
HugePages_Surp:        0
Hugepagesize:       2048 kB
DirectMap4k:      112576 kB
DirectMap2M:     1984512 kB

/sys/kernel/mm/transparent_hugepage/enabled: always [madvise] never
/sys/kernel/mm/transparent_hugepage/hpage_pmd_size: 2097152
/sys/kernel/mm/transparent_hugepage/defrag (defrag/compaction efforts parameter): always defer defer+madvise [madvise] never

Process Memory:
Virtual Size: 3231364K (peak: 3319788K)
Resident Set Size: 527752K (peak: 527752K) (anon: 519400K, file: 8352K, shmem: 0K)
Swapped out: 0K
C-Heap outstanding allocations: 47486K, retained: 27853K
glibc malloc tunables: (default)

/proc/sys/kernel/threads-max (system-wide limit on the number of threads): 15734
/proc/sys/vm/max_map_count (maximum number of memory map areas a process may have): 65530
/proc/sys/kernel/pid_max (system-wide limit on number of process identifiers): 32768

container (cgroup) information:
container_type: cgroupv1
cpu_cpuset_cpus: 0-1
cpu_memory_nodes: 0
active_processor_count: 2
cpu_quota: no quota
cpu_period: 100000
cpu_shares: no shares
memory_limit_in_bytes: unlimited
memory_and_swap_limit_in_bytes: not supported
memory_soft_limit_in_bytes: unlimited
memory_usage_in_bytes: 717576 k
memory_max_usage_in_bytes: 725396 k
kernel_memory_usage_in_bytes: 9140 k
kernel_memory_max_usage_in_bytes: unlimited
kernel_memory_limit_in_bytes: 10532 k
maximum number of tasks: unlimited
current number of tasks: 58

KVM virtualization detected
Steal ticks since vm start: 0
Steal ticks percentage since vm start:  0.000

CPU: total 2 (initial active 2) (2 cores per cpu, 1 threads per core) family 6 model 154 stepping 3 microcode 0xffffffff, cx8, cmov, fxsr, mmx, 3dnowpref, sse, sse2, sse3, ssse3, sse4.1, sse4.2, popcnt, lzcnt, tsc, tscinvbit, aes, clmul, bmi1, bmi2, clflush, clflushopt, hv
CPU Model and flags from /proc/cpuinfo:
model name	: 12th Gen Intel(R) Core(TM) i7-12650H
flags		: fpu vme de pse tsc msr pae mce cx8 apic sep mtrr pge mca cmov pat pse36 clflush mmx fxsr sse sse2 ht syscall nx rdtscp lm constant_tsc rep_good nopl xtopology nonstop_tsc cpuid tsc_known_freq pni pclmulqdq ssse3 cx16 pcid sse4_1 sse4_2 movbe popcnt aes rdrand hypervisor lahf_lm abm 3dnowprefetch invpcid_single ibrs_enhanced fsgsbase bmi1 bmi2 invpcid rdseed clflushopt arat md_clear flush_l1d arch_capabilities

Online cpus: 0-1
Offline cpus: 
BIOS frequency limitation: <Not Available>
Frequency switch latency (ns): <Not Available>
Available cpu frequencies: <Not Available>
Current governor: <Not Available>
Core performance/turbo boost: <Not Available>

Memory: 4k page, physical 2040708k(70744k free), swap 0k(0k free)
Page Sizes: 4k

vm_info: OpenJDK 64-Bit Server VM (17.0.11+9) for linux-amd64 JRE (17.0.11+9), built on Apr 16 2024 00:00:00 by "admin" with gcc 10.3.0

END.
